,ANO,DISCIPLINA,DESCRICAO,TAXA_DE_APROVACAO
0,2003,CAT107,INSTALACOES INDUSTRIAIS,1.0
1,2003,CAT112,EXPRESSAO GRAFICA I,0.8724999999999999
2,2003,CAT113,EXPRESSAO GRAFICA II,1.0
3,2003,CAT126,SISTEMAS MECANICOS,0.78
4,2003,CAT127,SISTEMAS ELETRICOS,0.95
5,2003,CAT137,SISTEMAS TERMODINAMICOS,0.95
6,2003,CAT301,PLANEJAMENTO INTEGRADO DE RECURSOS,0.0
7,2003,CAT302,SUPRIMENTO E FONTES DE ENERGIA,0.0
8,2003,CAT304,MODELOS ENERGETICOS E PLANEJAMENTO REGIONAL,1.0
9,2003,CAT305,ANALISE E PROJECAO DA DEMANDA DE ENERGIA,1.0
10,2003,CIC107,PROGRAMACAO DE COMPUTADORES I,0.9199999999999999
11,2003,CIC108,PROGRAMACAO DE COMPUTADORES II,0.5275
12,2003,CIC109,ALGORITMOS E ESTRUTURA DE DADOS I,0.77
13,2003,CIC111,MATEMATICA DISCRETA II,0.69
14,2003,CIC170,CALCULO NUMERICO,0.7000000000000001
15,2003,CIC180,CONTROLE DE PROCESSOS POR COMPUTADOR,1.0
16,2003,CIC181,CONTROLE NUMERICO DE SISTEMAS MECANICOS DE PRODUCAO,0.98
17,2003,CIC240,METODOLOGIA DE PROJETO DE SOFTWARE,0.875
18,2003,CIC270,PESQUISA OPERACIONAL I,0.815
19,2003,CIC271,PESQUISA OPERACIONAL II,0.9199999999999999
20,2003,CIC272,INTELIGENCIA COMPUTACIONAL PARA OTIMIZACAO,0.86
21,2003,CIC273,SIMULACAO APLICADA,0.8
22,2003,CIC370,OTIMIZACAO COMBINATORIA,0.8433333333333333
23,2003,CIC373,FLUXO EM REDES,0.78
24,2003,CIC374,PROGRAMACAO DINAMICA,0.4
25,2003,EDU301,METODOS E TECNICAS DE PESQUISA,0.895
26,2003,FIS209,MECANICA CLASSICA,0.59
27,2003,FIS210,FISICA TERMICA,0.7088888888888889
28,2003,FIS211,ELETROMAGNETISMO,0.64625
29,2003,FIS212,ESTRUTURA DA MATERIA,0.7766666666666667
30,2003,FIS213,OSCILACOES E ONDAS,0.7599999999999999
31,2003,FIS214,MECANICA RACIONAL,0.64125
32,2003,FIS215,MECANICA DO CONTINUO,0.98
33,2003,MET247,ENGENHARIA DE PROCESSOS MECANICOS,0.96
34,2003,MET248,PRINCIPIOS DE CIENCIA DOS MATERIAIS,0.98
35,2003,MTM112,INTRODUCAO A ALGEBRA LINEAR,0.5263636363636364
36,2003,MTM122,CALCULO DIFERENCIAL E INTEGRAL I,0.45222222222222225
37,2003,MTM123,CALCULO DIFERENCIAL E INTEGRAL II,0.6061538461538462
38,2003,MTM124,CALCULO DIFERENCIAL E INTEGRAL III,0.7489999999999999
39,2003,MTM125,INTRODUCAO AS EQUACOES DIFERENCIAIS ORDINARIAS,0.5041666666666667
40,2003,MTM131,GEOMETRIA ANALITICA E CALCULO VETORIAL,0.49000000000000005
41,2003,MTM144,METODOS MATEMATICOS DA ENGENHARIA II,0.76
42,2003,MTM151,ESTATISTICA E PROBABILIDADE,0.4763636363636364
43,2003,MTM154,ESTATISTICA APLICADA I,0.545
44,2003,MTM155,ESTATISTICA APLICADA II,0.64
45,2003,PRO100,ENGENHARIA AMBIENTAL,0.96
46,2003,PRO101,INTRODUCAO A ENGENHARIA DE PRODUCAO,0.98
47,2003,PRO102,INTRODUCAO A METODOLOGIA DA PESQUISA,0.98
48,2003,PRO103,PROJETO EM ENGENHARIA DE PRODUCAO I,0.96
49,2003,PRO104,PROJETO EM ENGENHARIA DE PRODUCAO II,0.97
50,2003,PRO210,CONTROLE E GERENCIA DE QUALIDADE,0.94
51,2003,PRO215,PLANEJAMENTO E CONTROLE DA PRODUCAO I,0.98
52,2003,PRO216,PLANEJAMENTO E CONTROLE DE PRODUCAO II,0.96
53,2003,PRO217,PLANEJAMENTO DAS INSTALACOES,1.0
54,2003,PRO219,PROJETO DO PRODUTO,1.0
55,2003,PRO222,CUSTOS INDUSTRIAIS E CONTABILIDADE GERENCIAL,0.97
56,2003,PRO224,ECONOMIA DA ENGENHARIA,0.99
57,2003,PRO227,MICROECONOMIA,0.91
58,2003,PRO229,PRINCIPIOS DE ECONOMIA,0.94
59,2003,PRO230,ENGENHARIA DE METODOS,0.97
60,2003,PRO231,ENGENHARIA DO TRABALHO,0.72
61,2003,PRO233,PSICOLOGIA SOCIAL DAS ORGANIZACOES,0.95
62,2003,PRO234,ORGANIZACAO E AVALIACAO DO TRABALHO,0.94
63,2003,PRO311,GERENCIA DA INOVACAO:A EMPRESA DE BASE TECNOLOGICA,0.895
64,2003,PRO312,GERENCIA DE INFORMACAO,0.84
65,2003,PRO313,GERENCIA DO PROJETO E ENGENHARIA SIMULTANEA,0.8099999999999999
66,2003,PRO314,GERENCIA DE RECURSOS HUMANOS,0.975
67,2003,PRO315,LOGISTICA,0.94
68,2003,PRO318,PLANEJAMENTO ESTRATEGICO,0.9
69,2003,PRO320,ANALISE DE INVESTIMENTOS,0.85
70,2003,PRO321,ADMINISTRACAO FINANCEIRA,0.9533333333333333
71,2003,PRO325,ECONOMIA DE TECNOLOGIA,
72,2003,PRO328,PROJETOS INDUSTRIAIS,
73,2003,PRO332,ETICA E ENGENHARIA DE PRODUCAO,0.835
74,2003,QUI200,QUIMICA GERAL,0.6834374999999999
75,2004,CAT107,INSTALACOES INDUSTRIAIS,1.0
76,2004,CAT112,EXPRESSAO GRAFICA I,0.8539999999999999
77,2004,CAT113,EXPRESSAO GRAFICA II,0.9450000000000001
78,2004,CAT126,SISTEMAS MECANICOS,0.9
79,2004,CAT127,SISTEMAS ELETRICOS,0.94
80,2004,CAT137,SISTEMAS TERMODINAMICOS,0.82
81,2004,CAT301,PLANEJAMENTO INTEGRADO DE RECURSOS,1.0
82,2004,CAT302,SUPRIMENTO E FONTES DE ENERGIA,0.71
83,2004,CAT305,ANALISE E PROJECAO DA DEMANDA DE ENERGIA,
84,2004,CIC107,PROGRAMACAO DE COMPUTADORES I,0.79
85,2004,CIC108,PROGRAMACAO DE COMPUTADORES II,0.782
86,2004,CIC109,ALGORITMOS E ESTRUTURA DE DADOS I,0.355
87,2004,CIC111,MATEMATICA DISCRETA II,0.85
88,2004,CIC170,CALCULO NUMERICO,0.7872727272727272
89,2004,CIC180,CONTROLE DE PROCESSOS POR COMPUTADOR,1.0
90,2004,CIC181,CONTROLE NUMERICO DE SISTEMAS MECANICOS DE PRODUCAO,0.98
91,2004,CIC240,METODOLOGIA DE PROJETO DE SOFTWARE,0.67
92,2004,CIC270,PESQUISA OPERACIONAL I,0.96
93,2004,CIC271,PESQUISA OPERACIONAL II,0.87
94,2004,CIC272,INTELIGENCIA COMPUTACIONAL PARA OTIMIZACAO,0.7
95,2004,CIC273,SIMULACAO APLICADA,0.91
96,2004,CIC370,OTIMIZACAO COMBINATORIA,0.8266666666666667
97,2004,CIC373,FLUXO EM REDES,0.67
98,2004,CIC374,PROGRAMACAO DINAMICA,0.6
99,2004,EDU301,METODOS E TECNICAS DE PESQUISA,0.91125
100,2004,FIS209,MECANICA CLASSICA,0.5791666666666667
101,2004,FIS210,FISICA TERMICA,0.756
102,2004,FIS211,ELETROMAGNETISMO,0.648888888888889
103,2004,FIS212,ESTRUTURA DA MATERIA,0.7766666666666667
104,2004,FIS213,OSCILACOES E ONDAS,0.8042857142857143
105,2004,FIS214,MECANICA RACIONAL,0.6075
106,2004,FIS215,MECANICA DO CONTINUO,0.815
107,2004,MET247,ENGENHARIA DE PROCESSOS MECANICOS,0.9733333333333333
108,2004,MET248,PRINCIPIOS DE CIENCIA DOS MATERIAIS,0.9825
109,2004,MTM112,INTRODUCAO A ALGEBRA LINEAR,0.5216666666666666
110,2004,MTM122,CALCULO DIFERENCIAL E INTEGRAL I,0.49625
111,2004,MTM123,CALCULO DIFERENCIAL E INTEGRAL II,0.5876923076923076
112,2004,MTM124,CALCULO DIFERENCIAL E INTEGRAL III,0.6272727272727272
113,2004,MTM125,INTRODUCAO AS EQUACOES DIFERENCIAIS ORDINARIAS,0.5257142857142857
114,2004,MTM131,GEOMETRIA ANALITICA E CALCULO VETORIAL,0.7084615384615384
115,2004,MTM144,METODOS MATEMATICOS DA ENGENHARIA II,0.85
116,2004,MTM151,ESTATISTICA E PROBABILIDADE,0.5153846153846154
117,2004,MTM154,ESTATISTICA APLICADA I,0.44
118,2004,MTM155,ESTATISTICA APLICADA II,0.86
119,2004,MTM157,CONTROLE ESTATISTICO DE QUALIDADE,0.93
120,2004,PRO100,ENGENHARIA AMBIENTAL,0.95
121,2004,PRO101,INTRODUCAO A ENGENHARIA DE PRODUCAO,0.95
122,2004,PRO103,PROJETO EM ENGENHARIA DE PRODUCAO I,0.98
123,2004,PRO104,PROJETO EM ENGENHARIA DE PRODUCAO II,0.88
124,2004,PRO210,CONTROLE E GERENCIA DE QUALIDADE,0.95
125,2004,PRO215,PLANEJAMENTO E CONTROLE DA PRODUCAO I,0.96
126,2004,PRO216,PLANEJAMENTO E CONTROLE DE PRODUCAO II,1.0
127,2004,PRO217,PLANEJAMENTO DAS INSTALACOES,0.97
128,2004,PRO219,PROJETO DO PRODUTO,1.0
129,2004,PRO222,CUSTOS INDUSTRIAIS E CONTABILIDADE GERENCIAL,0.98
130,2004,PRO224,ECONOMIA DA ENGENHARIA,0.985
131,2004,PRO227,MICROECONOMIA,0.92
132,2004,PRO229,PRINCIPIOS DE ECONOMIA,0.655
133,2004,PRO230,ENGENHARIA DE METODOS,0.93
134,2004,PRO231,ENGENHARIA DO TRABALHO,0.74
135,2004,PRO233,PSICOLOGIA SOCIAL DAS ORGANIZACOES,0.88
136,2004,PRO234,ORGANIZACAO E AVALIACAO DO TRABALHO,0.98
137,2004,PRO311,GERENCIA DA INOVACAO:A EMPRESA DE BASE TECNOLOGICA,0.88
138,2004,PRO312,GERENCIA DE INFORMACAO,0.83
139,2004,PRO313,GERENCIA DO PROJETO E ENGENHARIA SIMULTANEA,0.9450000000000001
140,2004,PRO314,GERENCIA DE RECURSOS HUMANOS,0.985
141,2004,PRO315,LOGISTICA,0.97
142,2004,PRO318,PLANEJAMENTO ESTRATEGICO,0.88
143,2004,PRO320,ANALISE DE INVESTIMENTOS,0.78
144,2004,PRO321,ADMINISTRACAO FINANCEIRA,0.8933333333333332
145,2004,PRO326,MACROECONOMIA,0.5
146,2004,PRO328,PROJETOS INDUSTRIAIS,1.0
147,2004,PRO332,ETICA E ENGENHARIA DE PRODUCAO,0.9099999999999999
148,2004,QUI200,QUIMICA GERAL,0.7256666666666666
149,2005,CAT107,INSTALACOES INDUSTRIAIS,1.0
150,2005,CAT112,EXPRESSAO GRAFICA I,0.8119999999999999
151,2005,CAT113,EXPRESSAO GRAFICA II,0.9199999999999999
152,2005,CAT127,SISTEMAS ELETRICOS,1.0
153,2005,CAT137,SISTEMAS TERMODINAMICOS,0.68
154,2005,CAT301,PLANEJAMENTO INTEGRADO DE RECURSOS,1.0
155,2005,CAT304,MODELOS ENERGETICOS E PLANEJAMENTO REGIONAL,1.0
156,2005,CIC107,PROGRAMACAO DE COMPUTADORES I,0.7025
157,2005,CIC108,PROGRAMACAO DE COMPUTADORES II,0.5280000000000001
158,2005,CIC109,ALGORITMOS E ESTRUTURA DE DADOS I,0.605
159,2005,CIC111,MATEMATICA DISCRETA II,0.56
160,2005,CIC170,CALCULO NUMERICO,0.7429411764705883
161,2005,CIC180,CONTROLE DE PROCESSOS POR COMPUTADOR,0.97
162,2005,CIC182,AUTOMACAO INDUSTRIAL,1.0
163,2005,CIC270,PESQUISA OPERACIONAL I,0.7825
164,2005,CIC271,PESQUISA OPERACIONAL II,0.7999999999999999
165,2005,CIC272,INTELIGENCIA COMPUTACIONAL PARA OTIMIZACAO,0.89
166,2005,CIC273,SIMULACAO APLICADA,0.9550000000000001
167,2005,CIC370,OTIMIZACAO COMBINATORIA,0.9
168,2005,CIC373,FLUXO EM REDES,0.7649999999999999
169,2005,CIC374,PROGRAMACAO DINAMICA,1.0
170,2005,EDU303,METODOLOGIA CIENTIFICA,0.8593333333333334
171,2005,FIS209,MECANICA CLASSICA,0.5977777777777779
172,2005,FIS210,FISICA TERMICA,0.8487499999999999
173,2005,FIS211,ELETROMAGNETISMO,0.5944444444444444
174,2005,FIS212,ESTRUTURA DA MATERIA,0.8616666666666667
175,2005,FIS213,OSCILACOES E ONDAS,0.9187500000000001
176,2005,FIS214,MECANICA RACIONAL,0.6112500000000001
177,2005,FIS215,MECANICA DO CONTINUO,0.9450000000000001
178,2005,MET247,ENGENHARIA DE PROCESSOS MECANICOS,0.8833333333333333
179,2005,MET248,PRINCIPIOS DE CIENCIA DOS MATERIAIS,0.8320000000000001
180,2005,MTM112,INTRODUCAO A ALGEBRA LINEAR,0.5675000000000001
181,2005,MTM122,CALCULO DIFERENCIAL E INTEGRAL I,0.45625000000000004
182,2005,MTM123,CALCULO DIFERENCIAL E INTEGRAL II,0.5125000000000001
183,2005,MTM124,CALCULO DIFERENCIAL E INTEGRAL III,0.6119999999999999
184,2005,MTM125,INTRODUCAO AS EQUACOES DIFERENCIAIS ORDINARIAS,0.5923076923076922
185,2005,MTM129,ELEMENTOS DE EQUACOES DIFERENCIAIS PARCIAIS,0.69
186,2005,MTM131,GEOMETRIA ANALITICA E CALCULO VETORIAL,0.730769230769231
187,2005,MTM151,ESTATISTICA E PROBABILIDADE,0.6238461538461539
188,2005,MTM154,ESTATISTICA APLICADA I,0.7399999999999999
189,2005,MTM155,ESTATISTICA APLICADA II,0.8
190,2005,PRO101,INTRODUCAO A ENGENHARIA DE PRODUCAO,0.84
191,2005,PRO103,PROJETO EM ENGENHARIA DE PRODUCAO I,0.985
192,2005,PRO104,PROJETO EM ENGENHARIA DE PRODUCAO II,0.93
193,2005,PRO126,"ENERGIA, SOCIEDADE E MEIO AMBIENTE",0.91
194,2005,PRO129,PROJETO EM ENGENHARIA DE PRODUCAO I,0.99
195,2005,PRO200,GESTAO AMBIENTAL,0.985
196,2005,PRO215,PLANEJAMENTO E CONTROLE DA PRODUCAO I,0.9666666666666667
197,2005,PRO216,PLANEJAMENTO E CONTROLE DE PRODUCAO II,0.9299999999999999
198,2005,PRO217,PLANEJAMENTO DAS INSTALACOES,1.0
199,2005,PRO219,PROJETO DO PRODUTO,0.95
200,2005,PRO222,CUSTOS INDUSTRIAIS E CONTABILIDADE GERENCIAL,0.98
201,2005,PRO224,ECONOMIA DA ENGENHARIA,0.96
202,2005,PRO227,MICROECONOMIA,0.89
203,2005,PRO229,PRINCIPIOS DE ECONOMIA,0.9
204,2005,PRO230,ENGENHARIA DE METODOS,0.9
205,2005,PRO233,PSICOLOGIA SOCIAL DAS ORGANIZACOES,
206,2005,PRO234,ORGANIZACAO E AVALIACAO DO TRABALHO,0.96
207,2005,PRO311,GERENCIA DA INOVACAO:A EMPRESA DE BASE TECNOLOGICA,0.9
208,2005,PRO312,GERENCIA DE INFORMACAO,0.8200000000000001
209,2005,PRO313,GERENCIA DO PROJETO E ENGENHARIA SIMULTANEA,0.76
210,2005,PRO314,GERENCIA DE RECURSOS HUMANOS,0.8033333333333333
211,2005,PRO315,LOGISTICA,0.95
212,2005,PRO318,PLANEJAMENTO ESTRATEGICO,0.935
213,2005,PRO320,ANALISE DE INVESTIMENTOS,1.0
214,2005,PRO321,ADMINISTRACAO FINANCEIRA,1.0
215,2005,PRO325,ECONOMIA DE TECNOLOGIA,1.0
216,2005,PRO326,MACROECONOMIA,1.0
217,2005,PRO333,CONTABILIDADE GERENCIAL,1.0
218,2005,PRO338,GESTAO AMBIENTAL DE SISTEMAS ENERGETICOS,1.0
219,2005,QUI200,QUIMICA GERAL,0.7741935483870965
220,2006,CAT107,INSTALACOES INDUSTRIAIS,1.0
221,2006,CAT112,EXPRESSAO GRAFICA I,0.7659999999999999
222,2006,CAT113,EXPRESSAO GRAFICA II,0.94
223,2006,CAT126,SISTEMAS MECANICOS,0.91
224,2006,CAT127,SISTEMAS ELETRICOS,0.94
225,2006,CAT137,SISTEMAS TERMODINAMICOS,0.88
226,2006,CIC107,PROGRAMACAO DE COMPUTADORES I,0.78
227,2006,CIC108,PROGRAMACAO DE COMPUTADORES II,0.614
228,2006,CIC109,ALGORITMOS E ESTRUTURA DE DADOS I,0.715
229,2006,CIC111,MATEMATICA DISCRETA II,0.69
230,2006,CIC170,CALCULO NUMERICO,0.6996000000000001
231,2006,CIC182,AUTOMACAO INDUSTRIAL,0.97
232,2006,CIC270,PESQUISA OPERACIONAL I,0.84
233,2006,CIC271,PESQUISA OPERACIONAL II,0.9550000000000001
234,2006,CIC272,INTELIGENCIA COMPUTACIONAL PARA OTIMIZACAO,0.73
235,2006,CIC273,SIMULACAO APLICADA,0.75
236,2006,CIC370,OTIMIZACAO COMBINATORIA,0.8825
237,2006,CIC373,FLUXO EM REDES,0.67
238,2006,EDU303,METODOLOGIA CIENTIFICA,0.80625
239,2006,FIS209,MECANICA CLASSICA,0.6759999999999999
240,2006,FIS210,FISICA TERMICA,0.77375
241,2006,FIS211,ELETROMAGNETISMO,0.514
242,2006,FIS212,ESTRUTURA DA MATERIA,0.8539999999999999
243,2006,FIS213,OSCILACOES E ONDAS,0.7914285714285715
244,2006,FIS214,MECANICA RACIONAL,0.73625
245,2006,FIS215,MECANICA DO CONTINUO,0.9299999999999999
246,2006,MET247,ENGENHARIA DE PROCESSOS MECANICOS,0.77
247,2006,MET248,PRINCIPIOS DE CIENCIA DOS MATERIAIS,0.9099999999999999
248,2006,MTM112,INTRODUCAO A ALGEBRA LINEAR,0.6316666666666667
249,2006,MTM122,CALCULO DIFERENCIAL E INTEGRAL I,0.5557142857142858
250,2006,MTM123,CALCULO DIFERENCIAL E INTEGRAL II,0.43545454545454537
251,2006,MTM124,CALCULO DIFERENCIAL E INTEGRAL III,0.5477777777777777
252,2006,MTM125,INTRODUCAO AS EQUACOES DIFERENCIAIS ORDINARIAS,0.5236363636363637
253,2006,MTM129,ELEMENTOS DE EQUACOES DIFERENCIAIS PARCIAIS,0.5
254,2006,MTM131,GEOMETRIA ANALITICA E CALCULO VETORIAL,0.6692307692307693
255,2006,MTM151,ESTATISTICA E PROBABILIDADE,0.7346153846153847
256,2006,MTM154,ESTATISTICA APLICADA I,0.89
257,2006,MTM155,ESTATISTICA APLICADA II,0.89
258,2006,MTM157,CONTROLE ESTATISTICO DE QUALIDADE,0.84
259,2006,PRO101,INTRODUCAO A ENGENHARIA DE PRODUCAO,0.94
260,2006,PRO104,PROJETO EM ENGENHARIA DE PRODUCAO II,0.0
261,2006,PRO126,"ENERGIA, SOCIEDADE E MEIO AMBIENTE",0.94
262,2006,PRO129,PROJETO EM ENGENHARIA DE PRODUCAO I,0.89
263,2006,PRO130,PROJETO EM ENGENHARIA DE PRODUCAO II,0.98
264,2006,PRO131,PROJETO EM ENGENHARIA DE PRODUCAO III,0.42
265,2006,PRO200,GESTAO AMBIENTAL,0.915
266,2006,PRO201,GESTAO DE QUALIDADE,1.0
267,2006,PRO202,SISTEMAS DE PRODUCAO CONTINUA,0.9566666666666667
268,2006,PRO215,PLANEJAMENTO E CONTROLE DA PRODUCAO I,0.98
269,2006,PRO216,PLANEJAMENTO E CONTROLE DE PRODUCAO II,0.85
270,2006,PRO217,PLANEJAMENTO DAS INSTALACOES,1.0
271,2006,PRO219,PROJETO DO PRODUTO,0.93
272,2006,PRO222,CUSTOS INDUSTRIAIS E CONTABILIDADE GERENCIAL,0.8833333333333333
273,2006,PRO224,ECONOMIA DA ENGENHARIA,0.9366666666666666
274,2006,PRO227,MICROECONOMIA,0.975
275,2006,PRO229,PRINCIPIOS DE ECONOMIA,0.93
276,2006,PRO230,ENGENHARIA DE METODOS,0.84
277,2006,PRO231,ENGENHARIA DO TRABALHO,1.0
278,2006,PRO233,PSICOLOGIA SOCIAL DAS ORGANIZACOES,0.915
279,2006,PRO234,ORGANIZACAO E AVALIACAO DO TRABALHO,0.7150000000000001
280,2006,PRO270,PESQUISA OPERACIONAL I PARA ENGENHARIA,0.92
281,2006,PRO300,INTRODUCAO A TEORIA GERAL DA ADMINISTRACAO,0.9
282,2006,PRO311,GERENCIA DA INOVACAO:A EMPRESA DE BASE TECNOLOGICA,0.8
283,2006,PRO313,GERENCIA DO PROJETO E ENGENHARIA SIMULTANEA,0.93
284,2006,PRO314,GERENCIA DE RECURSOS HUMANOS,0.8333333333333334
285,2006,PRO315,LOGISTICA,0.96
286,2006,PRO318,PLANEJAMENTO ESTRATEGICO,0.91
287,2006,PRO320,ANALISE DE INVESTIMENTOS,0.72
288,2006,PRO321,ADMINISTRACAO FINANCEIRA,0.895
289,2006,PRO326,MACROECONOMIA,1.0
290,2006,PRO332,ETICA E ENGENHARIA DE PRODUCAO,1.0
291,2006,PRO336,ECONOMIA DA ENERGIA,1.0
292,2006,PRO338,GESTAO AMBIENTAL DE SISTEMAS ENERGETICOS,1.0
293,2006,PRO397,GESTAO ESTRATEGICA E MARKETING,0.87
294,2006,QUI200,QUIMICA GERAL,0.6573333333333334
295,2007,CAT107,INSTALACOES INDUSTRIAIS,1.0
296,2007,CAT112,EXPRESSAO GRAFICA I,0.7420000000000001
297,2007,CAT113,EXPRESSAO GRAFICA II,0.75
298,2007,CAT126,SISTEMAS MECANICOS,0.89
299,2007,CAT127,SISTEMAS ELETRICOS,0.97
300,2007,CAT137,SISTEMAS TERMODINAMICOS,0.92
301,2007,CAT301,PLANEJAMENTO INTEGRADO DE RECURSOS,1.0
302,2007,CAT302,SUPRIMENTO E FONTES DE ENERGIA,0.585
303,2007,CAT304,MODELOS ENERGETICOS E PLANEJAMENTO REGIONAL,1.0
304,2007,CAT305,ANALISE E PROJECAO DA DEMANDA DE ENERGIA,1.0
305,2007,CIC107,PROGRAMACAO DE COMPUTADORES I,0.725
306,2007,CIC108,PROGRAMACAO DE COMPUTADORES II,0.555
307,2007,CIC109,ALGORITMOS E ESTRUTURA DE DADOS I,0.6033333333333334
308,2007,CIC111,MATEMATICA DISCRETA II,0.475
309,2007,CIC170,CALCULO NUMERICO,0.6587500000000001
310,2007,CIC182,AUTOMACAO INDUSTRIAL,1.0
311,2007,CIC272,INTELIGENCIA COMPUTACIONAL PARA OTIMIZACAO,0.9366666666666666
312,2007,CIC370,OTIMIZACAO COMBINATORIA,0.795
313,2007,CIC373,FLUXO EM REDES,1.0
314,2007,EDU303,METODOLOGIA CIENTIFICA,0.7694117647058825
315,2007,FIS209,MECANICA CLASSICA,0.5972727272727272
316,2007,FIS210,FISICA TERMICA,0.6625
317,2007,FIS211,ELETROMAGNETISMO,0.362
318,2007,FIS212,ESTRUTURA DA MATERIA,0.47333333333333333
319,2007,FIS213,OSCILACOES E ONDAS,0.5657142857142857
320,2007,FIS214,MECANICA RACIONAL,0.505
321,2007,FIS215,MECANICA DO CONTINUO,0.91
322,2007,MET247,ENGENHARIA DE PROCESSOS MECANICOS,0.87
323,2007,MET248,PRINCIPIOS DE CIENCIA DOS MATERIAIS,0.942
324,2007,MTM112,INTRODUCAO A ALGEBRA LINEAR,0.5908333333333333
325,2007,MTM122,CALCULO DIFERENCIAL E INTEGRAL I,0.4914285714285715
326,2007,MTM123,CALCULO DIFERENCIAL E INTEGRAL II,0.4645454545454545
327,2007,MTM124,CALCULO DIFERENCIAL E INTEGRAL III,0.5444444444444444
328,2007,MTM125,INTRODUCAO AS EQUACOES DIFERENCIAIS ORDINARIAS,0.5172727272727272
329,2007,MTM129,ELEMENTOS DE EQUACOES DIFERENCIAIS PARCIAIS,0.8033333333333333
330,2007,MTM131,GEOMETRIA ANALITICA E CALCULO VETORIAL,0.6208333333333335
331,2007,MTM151,ESTATISTICA E PROBABILIDADE,0.6791666666666667
332,2007,MTM154,ESTATISTICA APLICADA I,0.83
333,2007,MTM155,ESTATISTICA APLICADA II,0.87
334,2007,MTM157,CONTROLE ESTATISTICO DE QUALIDADE,0.9
335,2007,PRO101,INTRODUCAO A ENGENHARIA DE PRODUCAO,0.9
336,2007,PRO126,"ENERGIA, SOCIEDADE E MEIO AMBIENTE",0.92
337,2007,PRO129,PROJETO EM ENGENHARIA DE PRODUCAO I,0.93
338,2007,PRO130,PROJETO EM ENGENHARIA DE PRODUCAO II,0.98
339,2007,PRO131,PROJETO EM ENGENHARIA DE PRODUCAO III,0.65
340,2007,PRO200,GESTAO AMBIENTAL,0.89
341,2007,PRO201,GESTAO DE QUALIDADE,0.98
342,2007,PRO202,SISTEMAS DE PRODUCAO CONTINUA,0.97
343,2007,PRO215,PLANEJAMENTO E CONTROLE DA PRODUCAO I,0.8799999999999999
344,2007,PRO216,PLANEJAMENTO E CONTROLE DE PRODUCAO II,0.95
345,2007,PRO217,PLANEJAMENTO DAS INSTALACOES,1.0
346,2007,PRO219,PROJETO DO PRODUTO,0.94
347,2007,PRO222,CUSTOS INDUSTRIAIS E CONTABILIDADE GERENCIAL,0.835
348,2007,PRO224,ECONOMIA DA ENGENHARIA,0.8533333333333332
349,2007,PRO227,MICROECONOMIA,0.84
350,2007,PRO229,PRINCIPIOS DE ECONOMIA,0.84
351,2007,PRO230,ENGENHARIA DE METODOS,0.84
352,2007,PRO231,ENGENHARIA DO TRABALHO,0.97
353,2007,PRO233,PSICOLOGIA SOCIAL DAS ORGANIZACOES,0.8166666666666668
354,2007,PRO234,ORGANIZACAO E AVALIACAO DO TRABALHO,0.96
355,2007,PRO270,PESQUISA OPERACIONAL I PARA ENGENHARIA,0.97
356,2007,PRO271,PESQUISA OPERACIONAL II PARA ENGENHARIA,0.86
357,2007,PRO300,INTRODUCAO A TEORIA GERAL DA ADMINISTRACAO,0.89
358,2007,PRO311,GERENCIA DA INOVACAO:A EMPRESA DE BASE TECNOLOGICA,1.0
359,2007,PRO314,GERENCIA DE RECURSOS HUMANOS,0.86
360,2007,PRO318,PLANEJAMENTO ESTRATEGICO,0.95
361,2007,PRO320,ANALISE DE INVESTIMENTOS,1.0
362,2007,PRO321,ADMINISTRACAO FINANCEIRA,0.85
363,2007,PRO323,ECONOMIA BRASILEIRA,1.0
364,2007,PRO326,MACROECONOMIA,1.0
365,2007,PRO332,ETICA E ENGENHARIA DE PRODUCAO,0.97
366,2007,PRO397,GESTAO ESTRATEGICA E MARKETING,0.97
367,2007,QUI200,QUIMICA GERAL,0.6663333333333333
368,2008,CAT107,INSTALACOES INDUSTRIAIS,0.985
369,2008,CAT112,EXPRESSAO GRAFICA I,0.775
370,2008,CAT113,EXPRESSAO GRAFICA II,0.895
371,2008,CAT126,SISTEMAS MECANICOS,0.92
372,2008,CAT127,SISTEMAS ELETRICOS,0.86
373,2008,CAT137,SISTEMAS TERMODINAMICOS,0.97
374,2008,CAT301,PLANEJAMENTO INTEGRADO DE RECURSOS,0.5
375,2008,CAT305,ANALISE E PROJECAO DA DEMANDA DE ENERGIA,1.0
376,2008,CIC107,PROGRAMACAO DE COMPUTADORES I,0.6789999999999999
377,2008,CIC108,PROGRAMACAO DE COMPUTADORES II,0.745
378,2008,CIC109,ALGORITMOS E ESTRUTURA DE DADOS I,0.8133333333333335
379,2008,CIC111,MATEMATICA DISCRETA II,0.54
380,2008,CIC170,CALCULO NUMERICO,0.6045454545454545
381,2008,CIC182,AUTOMACAO INDUSTRIAL,0.9
382,2008,CIC240,METODOLOGIA DE PROJETO DE SOFTWARE,1.0
383,2008,CIC272,INTELIGENCIA COMPUTACIONAL PARA OTIMIZACAO,0.45
384,2008,CIC273,SIMULACAO APLICADA,0.91
385,2008,CIC370,OTIMIZACAO COMBINATORIA,0.6975
386,2008,EDU303,METODOLOGIA CIENTIFICA,0.8138888888888888
387,2008,FIS209,MECANICA CLASSICA,0.6318181818181817
388,2008,FIS210,FISICA TERMICA,0.715
389,2008,FIS211,ELETROMAGNETISMO,0.5591666666666667
390,2008,FIS212,ESTRUTURA DA MATERIA,0.49249999999999994
391,2008,FIS213,OSCILACOES E ONDAS,0.5900000000000001
392,2008,FIS214,MECANICA RACIONAL,0.7225
393,2008,FIS215,MECANICA DO CONTINUO,0.87
394,2008,MET247,ENGENHARIA DE PROCESSOS MECANICOS,0.6
395,2008,MET248,PRINCIPIOS DE CIENCIA DOS MATERIAIS,0.752
396,2008,MTM112,INTRODUCAO A ALGEBRA LINEAR,0.6141666666666666
397,2008,MTM122,CALCULO DIFERENCIAL E INTEGRAL I,0.45437500000000003
398,2008,MTM123,CALCULO DIFERENCIAL E INTEGRAL II,0.49249999999999994
399,2008,MTM124,CALCULO DIFERENCIAL E INTEGRAL III,0.5109999999999999
400,2008,MTM125,INTRODUCAO AS EQUACOES DIFERENCIAIS ORDINARIAS,0.5481818181818181
401,2008,MTM129,ELEMENTOS DE EQUACOES DIFERENCIAIS PARCIAIS,0.74
402,2008,MTM131,GEOMETRIA ANALITICA E CALCULO VETORIAL,0.5950000000000001
403,2008,MTM151,ESTATISTICA E PROBABILIDADE,0.6225
404,2008,MTM154,ESTATISTICA APLICADA I,0.52
405,2008,MTM155,ESTATISTICA APLICADA II,0.48
406,2008,MTM158,ECONOMETRIA,1.0
407,2008,PRO101,INTRODUCAO A ENGENHARIA DE PRODUCAO,0.97
408,2008,PRO126,"ENERGIA, SOCIEDADE E MEIO AMBIENTE",0.85
409,2008,PRO130,PROJETO EM ENGENHARIA DE PRODUCAO II,0.935
410,2008,PRO131,PROJETO EM ENGENHARIA DE PRODUCAO III,0.5605882352941177
411,2008,PRO201,GESTAO DE QUALIDADE,0.9650000000000001
412,2008,PRO215,PLANEJAMENTO E CONTROLE DA PRODUCAO I,0.9866666666666667
413,2008,PRO216,PLANEJAMENTO E CONTROLE DE PRODUCAO II,0.89
414,2008,PRO217,PLANEJAMENTO DAS INSTALACOES,0.97
415,2008,PRO219,PROJETO DO PRODUTO,0.88
416,2008,PRO222,CUSTOS INDUSTRIAIS E CONTABILIDADE GERENCIAL,0.92
417,2008,PRO224,ECONOMIA DA ENGENHARIA,0.955
418,2008,PRO226,MACROECONOMIA,0.97
419,2008,PRO227,MICROECONOMIA,1.0
420,2008,PRO230,ENGENHARIA DE METODOS,0.9650000000000001
421,2008,PRO231,ENGENHARIA DO TRABALHO,0.93
422,2008,PRO232,ENGENHARIA DO TRABALHO,0.89
423,2008,PRO233,PSICOLOGIA SOCIAL DAS ORGANIZACOES,0.985
424,2008,PRO234,ORGANIZACAO E AVALIACAO DO TRABALHO,0.86
425,2008,PRO236,ENGENHARIA DE PROCESSOS CONTINUOS,0.84
426,2008,PRO237,TEORIA DAS ORGANIZACOES,0.9
427,2008,PRO239,"ENG. DE PROCESSOS, RISCOS E PREVENCAO DE PERDAS",0.9
428,2008,PRO270,PESQUISA OPERACIONAL I PARA ENGENHARIA,0.92
429,2008,PRO271,PESQUISA OPERACIONAL II PARA ENGENHARIA,0.9550000000000001
430,2008,PRO304,TOPICOS ESPECIAIS EM GERENCIA DA PRODUCAO,1.0
431,2008,PRO307,TOPICOS ESPECIAIS EM PLANEJAMENTO ENERGETICO,0.5
432,2008,PRO314,GERENCIA DE RECURSOS HUMANOS,0.845
433,2008,PRO315,LOGISTICA,0.9299999999999999
434,2008,PRO316,LOGISTICA REVERSA,0.62
435,2008,PRO318,PLANEJAMENTO ESTRATEGICO,0.91
436,2008,PRO320,ANALISE DE INVESTIMENTOS,0.84
437,2008,PRO321,ADMINISTRACAO FINANCEIRA,0.94
438,2008,PRO325,ECONOMIA DE TECNOLOGIA,0.4
439,2008,PRO332,ETICA E ENGENHARIA DE PRODUCAO,0.5
440,2008,PRO336,ECONOMIA DA ENERGIA,0.8
441,2008,PRO397,GESTAO ESTRATEGICA E MARKETING,0.76
442,2008,QUI200,QUIMICA GERAL,0.7124242424242427
443,2009,ARQ700,EXPRESSAO GRAFICA,0.9700000000000001
444,2009,CAT107,INSTALACOES INDUSTRIAIS,1.0
445,2009,CAT700,AUTOMACAO DE SISTEMAS DE PRODUCAO,0.895
446,2009,CIC107,PROGRAMACAO DE COMPUTADORES I,0.6080645161290322
447,2009,CIC108,PROGRAMACAO DE COMPUTADORES II,0.5459999999999999
448,2009,CIC109,ALGORITMOS E ESTRUTURA DE DADOS I,0.5
449,2009,CIC170,CALCULO NUMERICO,0.6467999999999999
450,2009,CIC272,INTELIGENCIA COMPUTACIONAL PARA OTIMIZACAO,0.855
451,2009,CIC370,OTIMIZACAO COMBINATORIA,0.65
452,2009,CIC372,PROGRAMACAO NAO LINEAR,1.0
453,2009,CIC373,FLUXO EM REDES,0.25
454,2009,CIC374,PROGRAMACAO DINAMICA,1.0
455,2009,FIS130,FISICA I,0.662
456,2009,FIS131,FISICA II,0.6900000000000001
457,2009,FIS132,FISICA III,0.5466666666666667
458,2009,FIS133,FISICA IV,0.61
459,2009,FIS210,FISICA TERMICA,0.7175
460,2009,FIS211,ELETROMAGNETISMO,0.6319999999999999
461,2009,FIS213,OSCILACOES E ONDAS,0.65625
462,2009,FIS214,MECANICA RACIONAL,0.6599999999999999
463,2009,FIS215,MECANICA DO CONTINUO,0.62
464,2009,MET247,ENGENHARIA DE PROCESSOS MECANICOS,1.0
465,2009,MET700,CIENCIA DOS MATERIAIS,0.6
466,2009,MTM123,CALCULO DIFERENCIAL E INTEGRAL II,0.46571428571428575
467,2009,MTM124,CALCULO DIFERENCIAL E INTEGRAL III,0.598
468,2009,MTM700,CALCULO DIFERENCIAL E INTEGRAL A,0.45125000000000004
469,2009,MTM702,CALCULO DIFERENCIAL E INTEGRAL B,0.605
470,2009,MTM703,CALCULO DIFERENCIAL E INTEGRAL C,0.48
471,2009,MTM730,GEOMETRIA ANALITICA E ALGEBRA LINEAR,0.6525000000000001
472,2009,PRO126,"ENERGIA, SOCIEDADE E MEIO AMBIENTE",0.78
473,2009,PRO215,PLANEJAMENTO E CONTROLE DA PRODUCAO I,0.75
474,2009,PRO216,PLANEJAMENTO E CONTROLE DE PRODUCAO II,1.0
475,2009,PRO217,PLANEJAMENTO DAS INSTALACOES,1.0
476,2009,PRO219,PROJETO DO PRODUTO,1.0
477,2009,PRO224,ECONOMIA DA ENGENHARIA,0.825
478,2009,PRO226,MACROECONOMIA,0.97
479,2009,PRO227,MICROECONOMIA,0.955
480,2009,PRO232,ENGENHARIA DO TRABALHO,0.87
481,2009,PRO235,ERGONOMIA DO TRABALHO,0.9025
482,2009,PRO236,ENGENHARIA DE PROCESSOS CONTINUOS,0.7849999999999999
483,2009,PRO303,TOPICOS ESPECIAIS EM PESQUISA OPERACIONAL,1.0
484,2009,PRO304,TOPICOS ESPECIAIS EM GERENCIA DA PRODUCAO,0.85
485,2009,PRO305,TOPICOS ESPECIAIS EM ENGENHARIA ECONOMICA,0.5
486,2009,PRO314,GERENCIA DE RECURSOS HUMANOS,0.9199999999999999
487,2009,PRO316,LOGISTICA REVERSA,1.0
488,2009,PRO318,PLANEJAMENTO ESTRATEGICO,0.8
489,2009,PRO320,ANALISE DE INVESTIMENTOS,0.8
490,2009,PRO321,ADMINISTRACAO FINANCEIRA,0.81
491,2009,PRO338,GESTAO AMBIENTAL DE SISTEMAS ENERGETICOS,0.5
492,2009,PRO341,TEORIA DOS GRAFOS,1.0
493,2009,PRO342,ENGENHARIA DA CONFIABILIDADE,0.87
494,2009,PRO343,GESTAO DA QUALIDADE,0.77
495,2009,PRO344,GESTAO DA INOVACAO E TECNOLOGIA,0.73
496,2009,PRO345,ADMINISTRACAO DE MARKETING,0.44
497,2009,PRO349,ECONOMIA DA TECNOLOGIA,0.5
498,2009,PRO351,CONTROLE ESTATISTICO DE QUALIDADE,0.95
499,2009,PRO366,TOPICOS ESPECIAIS EM PESQUISA OPERACIONAL III,1.0
500,2009,PRO390,ESTAGIO SUPERVISIONADO EM ENGENHARIA DE PRODUCAO,0.73
501,2009,PRO490,PROJETO FINAL DE GRADUACAO,0.8461538461538461
502,2009,PRO491,TRABALHO FINAL DE GRADUACAO - MONOGRAFIA,0.707391304347826
503,2009,PRO701,METODOS MATEMATICOS DA ENGENHARIA I,0.8600000000000001
504,2009,PRO702,SEMINARIO E TRABALHOS ORIENTADOS EM ENGENHARIA DE PRODUCAO,0.8882352941176471
505,2009,PRO703,PROBABILIDADE APLICADA A ENGENHARIA,0.8433333333333334
506,2009,PRO704,METODOS MATEMATICOS DA ENGENHARIA II,0.75
507,2009,PRO705,ESTATISTICA APLICADA A ENGENHARIA,0.8166666666666668
508,2009,PRO706,PESQUISA OPERACIONAL I,0.88
509,2009,PRO707,TEORIA GERAL DA ADMINISTRACAO,0.9450000000000001
510,2009,PRO708,PESQUISA OPERACIONAL II,0.84
511,2009,PRO709,ORGANIZACAO DO TRABALHO,1.0
512,2009,PRO710,"CIENCIA, TECNOLOGIA E SOCIEDADE",0.8960000000000001
513,2009,PRO711,"ENGENHARIA DE PROCESSOS, RISCOS E PERDAS",0.97
514,2009,PRO713,ENGENHARIA DA QUALIDADE,0.9466666666666667
515,2009,PRO715,LOGISTICA E TRANSPORTE,0.85
516,2009,QUI701,QUIMICA FUNDAMENTAL,0.808888888888889
517,2010,ARQ700,EXPRESSAO GRAFICA,0.9025
518,2010,BCC342,INTRODUCAO A OTIMIZACAO,0.5449999999999999
519,2010,BCC466,TECNICAS METAHEURISTICAS PARA OTIMIZACAO COMBINATORIA,0.6
520,2010,BCC701,PROGRAMACAO DE COMPUTADORES I,0.7074358974358975
521,2010,BCC702,PROGRAMACAO DE COMPUTADORES II,0.5119999999999999
522,2010,BCC760,CALCULO NUMERICO,0.6356521739130435
523,2010,CAT107,INSTALACOES INDUSTRIAIS,0.985
524,2010,CAT700,AUTOMACAO DE SISTEMAS DE PRODUCAO,0.9099999999999999
525,2010,FIS130,FISICA I,0.56625
526,2010,FIS131,FISICA II,0.7091666666666666
527,2010,FIS132,FISICA III,0.5419999999999999
528,2010,FIS133,FISICA IV,0.717
529,2010,FIS214,MECANICA RACIONAL,0.7511111111111111
530,2010,FIS215,MECANICA DO CONTINUO,0.79
531,2010,MET247,ENGENHARIA DE PROCESSOS MECANICOS,0.87
532,2010,MET700,CIENCIA DOS MATERIAIS,0.9566666666666667
533,2010,MTM700,CALCULO DIFERENCIAL E INTEGRAL A,0.53
534,2010,MTM702,CALCULO DIFERENCIAL E INTEGRAL B,0.6157142857142858
535,2010,MTM703,CALCULO DIFERENCIAL E INTEGRAL C,0.6933333333333334
536,2010,MTM730,GEOMETRIA ANALITICA E ALGEBRA LINEAR,0.5175
537,2010,PRO126,"ENERGIA, SOCIEDADE E MEIO AMBIENTE",0.92
538,2010,PRO215,PLANEJAMENTO E CONTROLE DA PRODUCAO I,0.71
539,2010,PRO216,PLANEJAMENTO E CONTROLE DE PRODUCAO II,0.86
540,2010,PRO217,PLANEJAMENTO DAS INSTALACOES,1.0
541,2010,PRO219,PROJETO DO PRODUTO,0.77
542,2010,PRO224,ECONOMIA DA ENGENHARIA,0.9233333333333332
543,2010,PRO226,MACROECONOMIA,0.925
544,2010,PRO227,MICROECONOMIA,0.87
545,2010,PRO232,ENGENHARIA DO TRABALHO,0.85
546,2010,PRO235,ERGONOMIA DO TRABALHO,0.865
547,2010,PRO236,ENGENHARIA DE PROCESSOS CONTINUOS,0.75
548,2010,PRO314,GERENCIA DE RECURSOS HUMANOS,0.8400000000000001
549,2010,PRO316,LOGISTICA REVERSA,1.0
550,2010,PRO318,PLANEJAMENTO ESTRATEGICO,0.78
551,2010,PRO321,ADMINISTRACAO FINANCEIRA,0.885
552,2010,PRO338,GESTAO AMBIENTAL DE SISTEMAS ENERGETICOS,0.7
553,2010,PRO344,GESTAO DA INOVACAO E TECNOLOGIA,0.7
554,2010,PRO351,CONTROLE ESTATISTICO DE QUALIDADE,0.91
555,2010,PRO353,ENGENHARIA DE MANUTENCAO,1.0
556,2010,PRO354,TOPICOS ESPECIAIS EM GERENCIA DA PRODUCAO I,1.0
557,2010,PRO356,TOPICOS ESPECIAIS EM GERENCIA DA PRODUCAO III,1.0
558,2010,PRO358,TOPICOS ESPECIAIS EM GERENCIA DA PRODUCAO V,0.75
559,2010,PRO359,TOPICOS ESPECIAIS EM ENGENHARIA ECONOMICA I,0.67
560,2010,PRO360,TOPICOS ESPECIAIS EM ENGENHARIA ECONOMICA II,1.0
561,2010,PRO363,TOPICOS ESPECIAIS EM ENGENHARIA ECONOMICA V,1.0
562,2010,PRO365,TOPICOS ESPECIAIS EM PESQUISA OPERACIONAL II,1.0
563,2010,PRO366,TOPICOS ESPECIAIS EM PESQUISA OPERACIONAL III,0.75
564,2010,PRO368,TOPICOS ESPECIAIS EM PESQUISA OPERACIONAL V,
565,2010,PRO369,TOPICOS ESPECIAIS EM PLANEJAMENTO ENERGETICO I,1.0
566,2010,PRO370,TOPICOS ESPECIAIS EM PLANEJAMENTO ENERGETICO II,1.0
567,2010,PRO371,TOPICOS ESPECIAIS EM PLANEJAMENTO ENERGETICO III,1.0
568,2010,PRO374,GESTAO DA CADEIA DE SUPRIMENTOS,0.8
569,2010,PRO390,ESTAGIO SUPERVISIONADO EM ENGENHARIA DE PRODUCAO,0.78
570,2010,PRO490,PROJETO FINAL DE GRADUACAO,0.8436363636363636
571,2010,PRO491,TRABALHO FINAL DE GRADUACAO - MONOGRAFIA,0.6370588235294118
572,2010,PRO701,METODOS MATEMATICOS DA ENGENHARIA I,0.79
573,2010,PRO702,SEMINARIO E TRABALHOS ORIENTADOS EM ENGENHARIA DE PRODUCAO,0.8611764705882353
574,2010,PRO703,PROBABILIDADE APLICADA A ENGENHARIA,0.765
575,2010,PRO704,METODOS MATEMATICOS DA ENGENHARIA II,0.74
576,2010,PRO705,ESTATISTICA APLICADA A ENGENHARIA,0.91
577,2010,PRO706,PESQUISA OPERACIONAL I,0.9
578,2010,PRO707,TEORIA GERAL DA ADMINISTRACAO,0.945
579,2010,PRO708,PESQUISA OPERACIONAL II,0.9450000000000001
580,2010,PRO709,ORGANIZACAO DO TRABALHO,0.98
581,2010,PRO710,"CIENCIA, TECNOLOGIA E SOCIEDADE",0.8400000000000001
582,2010,PRO712,SISTEMAS DE INFORMACOES,0.88
583,2010,PRO713,ENGENHARIA DA QUALIDADE,0.94
584,2010,PRO714,ECONOMIA INDUSTRIAL,1.0
585,2010,PRO715,LOGISTICA E TRANSPORTE,0.91
586,2010,PRO716,"ENGENHARIA DE PROCESSOS, RISCOS E PREVENCAO DE PERDAS",0.96
587,2010,QUI701,QUIMICA FUNDAMENTAL,0.8183333333333334
588,2011,ARQ700,EXPRESSAO GRAFICA,0.7775000000000001
589,2011,BCC342,INTRODUCAO A OTIMIZACAO,0.735
590,2011,BCC463,OTIMIZACAO EM REDES,0.65
591,2011,BCC466,TECNICAS METAHEURISTICAS PARA OTIMIZACAO COMBINATORIA,0.67
592,2011,BCC701,PROGRAMACAO DE COMPUTADORES I,0.6245
593,2011,BCC702,PROGRAMACAO DE COMPUTADORES II,0.32916666666666666
594,2011,BCC760,CALCULO NUMERICO,0.6029411764705882
595,2011,CAT107,INSTALACOES INDUSTRIAIS,0.985
596,2011,CAT700,AUTOMACAO DE SISTEMAS DE PRODUCAO,0.935
597,2011,FIS130,FISICA I,0.5943750000000001
598,2011,FIS131,FISICA II,0.5876923076923077
599,2011,FIS132,FISICA III,0.5646666666666668
600,2011,FIS133,FISICA IV,0.6983333333333334
601,2011,FIS214,MECANICA RACIONAL,0.6416666666666666
602,2011,FIS215,MECANICA DO CONTINUO,0.6925
603,2011,MET247,ENGENHARIA DE PROCESSOS MECANICOS,0.93
604,2011,MET700,CIENCIA DOS MATERIAIS,0.9566666666666667
605,2011,MTM700,CALCULO DIFERENCIAL E INTEGRAL A,0.41285714285714287
606,2011,MTM702,CALCULO DIFERENCIAL E INTEGRAL B,0.5666666666666667
607,2011,MTM703,CALCULO DIFERENCIAL E INTEGRAL C,0.6683333333333333
608,2011,MTM730,GEOMETRIA ANALITICA E ALGEBRA LINEAR,0.49000000000000005
609,2011,PRO126,"ENERGIA, SOCIEDADE E MEIO AMBIENTE",0.875
610,2011,PRO215,PLANEJAMENTO E CONTROLE DA PRODUCAO I,0.79
611,2011,PRO216,PLANEJAMENTO E CONTROLE DE PRODUCAO II,1.0
612,2011,PRO217,PLANEJAMENTO DAS INSTALACOES,1.0
613,2011,PRO219,PROJETO DO PRODUTO,0.97
614,2011,PRO224,ECONOMIA DA ENGENHARIA,0.885
615,2011,PRO226,MACROECONOMIA,0.8
616,2011,PRO227,MICROECONOMIA,0.5466666666666667
617,2011,PRO232,ENGENHARIA DO TRABALHO,0.9099999999999999
618,2011,PRO235,ERGONOMIA DO TRABALHO,0.835
619,2011,PRO236,ENGENHARIA DE PROCESSOS CONTINUOS,0.77
620,2011,PRO313,GERENCIA DO PROJETO E ENGENHARIA SIMULTANEA,0.9450000000000001
621,2011,PRO314,GERENCIA DE RECURSOS HUMANOS,0.7600000000000001
622,2011,PRO316,LOGISTICA REVERSA,1.0
623,2011,PRO318,PLANEJAMENTO ESTRATEGICO,0.85
624,2011,PRO320,ANALISE DE INVESTIMENTOS,0.61
625,2011,PRO321,ADMINISTRACAO FINANCEIRA,0.61
626,2011,PRO342,ENGENHARIA DA CONFIABILIDADE,1.0
627,2011,PRO343,GESTAO DA QUALIDADE,0.4
628,2011,PRO345,ADMINISTRACAO DE MARKETING,1.0
629,2011,PRO354,TOPICOS ESPECIAIS EM GERENCIA DA PRODUCAO I,0.67
630,2011,PRO356,TOPICOS ESPECIAIS EM GERENCIA DA PRODUCAO III,0.88
631,2011,PRO362,TOPICOS ESPECIAIS EM ENGENHARIA ECONOMICA IV,1.0
632,2011,PRO363,TOPICOS ESPECIAIS EM ENGENHARIA ECONOMICA V,1.0
633,2011,PRO364,TOPICOS ESPECIAIS EM PESQUISA OPERACIONAL I,1.0
634,2011,PRO365,TOPICOS ESPECIAIS EM PESQUISA OPERACIONAL II,1.0
635,2011,PRO367,TOPICOS ESPECIAIS EM PESQUISA OPERACIONAL IV,0.5
636,2011,PRO369,TOPICOS ESPECIAIS EM PLANEJAMENTO ENERGETICO I,1.0
637,2011,PRO370,TOPICOS ESPECIAIS EM PLANEJAMENTO ENERGETICO II,0.835
638,2011,PRO372,TOPICOS ESPECIAIS EM PLANEJAMENTO ENERGETICO IV,1.0
639,2011,PRO374,GESTAO DA CADEIA DE SUPRIMENTOS,0.86
640,2011,PRO375,GESTAO DA TECNOLOGIA DA INFORMACAO,1.0
641,2011,PRO376,ENERGIA ELETRICA,1.0
642,2011,PRO390,ESTAGIO SUPERVISIONADO EM ENGENHARIA DE PRODUCAO,0.8766666666666666
643,2011,PRO490,PROJETO FINAL DE GRADUACAO,1.0
644,2011,PRO491,TRABALHO FINAL DE GRADUACAO - MONOGRAFIA,0.4004761904761905
645,2011,PRO701,METODOS MATEMATICOS DA ENGENHARIA I,0.69
646,2011,PRO702,SEMINARIO E TRABALHOS ORIENTADOS EM ENGENHARIA DE PRODUCAO,0.915
647,2011,PRO703,PROBABILIDADE APLICADA A ENGENHARIA,0.91
648,2011,PRO704,METODOS MATEMATICOS DA ENGENHARIA II,0.82
649,2011,PRO705,ESTATISTICA APLICADA A ENGENHARIA,0.8999999999999999
650,2011,PRO706,PESQUISA OPERACIONAL I,0.8075
651,2011,PRO707,TEORIA GERAL DA ADMINISTRACAO,0.975
652,2011,PRO708,PESQUISA OPERACIONAL II,0.9
653,2011,PRO709,ORGANIZACAO DO TRABALHO,0.9
654,2011,PRO710,"CIENCIA, TECNOLOGIA E SOCIEDADE",1.0
655,2011,PRO712,SISTEMAS DE INFORMACOES,0.75
656,2011,PRO713,ENGENHARIA DA QUALIDADE,0.975
657,2011,PRO714,ECONOMIA INDUSTRIAL,1.0
658,2011,PRO715,LOGISTICA E TRANSPORTE,0.8
659,2011,PRO716,"ENGENHARIA DE PROCESSOS, RISCOS E PREVENCAO DE PERDAS",1.0
660,2011,QUI701,QUIMICA FUNDAMENTAL,0.6316666666666667
661,2012,ARQ700,EXPRESSAO GRAFICA,0.7549999999999999
662,2012,BCC342,INTRODUCAO A OTIMIZACAO,0.7525
663,2012,BCC463,OTIMIZACAO EM REDES,
664,2012,BCC464,OTIMIZACAO LINEAR E INTEIRA,0.83
665,2012,BCC466,TECNICAS METAHEURISTICAS PARA OTIMIZACAO COMBINATORIA,0.82
666,2012,BCC701,PROGRAMACAO DE COMPUTADORES I,0.5767499999999999
667,2012,BCC702,PROGRAMACAO DE COMPUTADORES II,0.51
668,2012,BCC760,CALCULO NUMERICO,0.739375
669,2012,CAT107,INSTALACOES INDUSTRIAIS,0.985
670,2012,CAT700,AUTOMACAO DE SISTEMAS DE PRODUCAO,0.8500000000000001
671,2012,FIS130,FISICA I,0.67875
672,2012,FIS131,FISICA II,0.5176923076923076
673,2012,FIS132,FISICA III,0.5806666666666666
674,2012,FIS133,FISICA IV,0.7591666666666668
675,2012,FIS214,MECANICA RACIONAL,0.5741666666666666
676,2012,FIS215,MECANICA DO CONTINUO,0.8250000000000001
677,2012,LET911,TRADUCAO DE LIBRAS,0.88
678,2012,MTM700,CALCULO DIFERENCIAL E INTEGRAL A,0.3825
679,2012,MTM702,CALCULO DIFERENCIAL E INTEGRAL B,0.28
680,2012,MTM703,CALCULO DIFERENCIAL E INTEGRAL C,0.45166666666666666
681,2012,MTM730,GEOMETRIA ANALITICA E ALGEBRA LINEAR,0.29166666666666663
682,2012,PRO126,"ENERGIA, SOCIEDADE E MEIO AMBIENTE",0.91
683,2012,PRO215,PLANEJAMENTO E CONTROLE DA PRODUCAO I,0.812
684,2012,PRO217,PLANEJAMENTO DAS INSTALACOES,0.92
685,2012,PRO219,PROJETO DO PRODUTO,0.855
686,2012,PRO224,ECONOMIA DA ENGENHARIA,0.9466666666666667
687,2012,PRO226,MACROECONOMIA,0.64
688,2012,PRO227,MICROECONOMIA,0.745
689,2012,PRO236,ENGENHARIA DE PROCESSOS CONTINUOS,0.65
690,2012,PRO314,GERENCIA DE RECURSOS HUMANOS,0.9259999999999999
691,2012,PRO335,POLITICA ENERGETICA BRASILEIRA,0.8
692,2012,PRO336,ECONOMIA DA ENERGIA,0.93
693,2012,PRO344,GESTAO DA INOVACAO E TECNOLOGIA,1.0
694,2012,PRO375,GESTAO DA TECNOLOGIA DA INFORMACAO,0.75
695,2012,PRO376,ENERGIA ELETRICA,1.0
696,2012,PRO390,ESTAGIO SUPERVISIONADO EM ENGENHARIA DE PRODUCAO,0.875
697,2012,PRO490,PROJETO FINAL DE GRADUACAO,0.9199999999999999
698,2012,PRO491,TRABALHO FINAL DE GRADUACAO - MONOGRAFIA,0.5414285714285714
699,2012,PRO501,MICROECONOMIA AVANCADA,
700,2012,PRO502,MATEMATICA FINANCEIRA EMPRESARIAL,
701,2012,PRO503,A EVOLUCAO DO PENSAMENTO ECONOMICO,1.0
702,2012,PRO504,DESENVOLVIMENTO ECONOMICO,1.0
703,2012,PRO506,ECONOMIA AMBIENTAL,
704,2012,PRO507,ECONOMIA INDUSTRIAL APLICADA: MODELOS E METODOS,
705,2012,PRO526,TEORIA DOS JOGOS,0.82
706,2012,PRO527,TEORIA DOS GRAFOS,1.0
707,2012,PRO529,METODOS PROBABILISTICOS EM PESQUISA OPERACIONAL,1.0
708,2012,PRO535,TEORIA DAS FILAS APLICADA A ENGENHARIA DE PRODUCAO,1.0
709,2012,PRO550,PETROLEO E GAS NATURAL,0.855
710,2012,PRO551,ENERGIA DA BIOMASSA,0.89
711,2012,PRO556,PLANEJAMENTO ENERGETICO INTEGRADO,0.8
712,2012,PRO575,REFLEXOES SOBRE O TRABALHO,0.96
713,2012,PRO577,GESTAO DO TRABALHO EM ORGANIZACOES SOCIAIS,1.0
714,2012,PRO578,"OPERACOES, LOGISTICA E GESTAO DA CADEIA DE SUPRIM",0.91
715,2012,PRO579,SISTEMAS COMPUTACIONAIS DE MANUFATURA,0.67
716,2012,PRO581,PLANEJAMENTO E GESTAO ESTRATEGICA,0.94
717,2012,PRO583,GESTAO DA QUALIDADE,
718,2012,PRO701,METODOS MATEMATICOS DA ENGENHARIA I,0.52
719,2012,PRO702,SEMINARIO E TRABALHOS ORIENTADOS EM ENGENHARIA DE PRODUCAO,0.8
720,2012,PRO703,PROBABILIDADE APLICADA A ENGENHARIA,0.845
721,2012,PRO704,METODOS MATEMATICOS DA ENGENHARIA II,0.785
722,2012,PRO705,ESTATISTICA APLICADA A ENGENHARIA,0.79
723,2012,PRO706,PESQUISA OPERACIONAL I,0.825
724,2012,PRO707,TEORIA GERAL DA ADMINISTRACAO,0.9199999999999999
725,2012,PRO708,PESQUISA OPERACIONAL II,0.91
726,2012,PRO710,"CIENCIA, TECNOLOGIA E SOCIEDADE",0.935
727,2012,PRO712,SISTEMAS DE INFORMACOES,0.8466666666666667
728,2012,PRO714,ECONOMIA INDUSTRIAL,0.775
729,2012,PRO716,"ENGENHARIA DE PROCESSOS, RISCOS E PREVENCAO DE PERDAS",0.905
730,2012,PRO717,ENGENHARIA DO TRABALHO,0.7849999999999999
731,2012,PRO718,ERGONOMIA E TRABALHO,0.905
732,2012,PRO719,ORGANIZACAO DO TRABALHO,0.9550000000000001
733,2012,PRO720,CIENCIA E MANUFATURA,0.96
734,2012,PRO721,ENGENHARIA DA MANUFATURA,0.9666666666666667
735,2012,PRO722,PLANEJAMENTO E CONTROLE DA PRODUCAO II,0.965
736,2012,PRO723,ENGENHARIA DA QUALIDADE,0.8600000000000001
737,2012,PRO724,LOGISTICA,0.85
738,2012,QUI701,QUIMICA FUNDAMENTAL,0.68
739,2013,ARQ700,EXPRESSAO GRAFICA,0.745
740,2013,BCC342,INTRODUCAO A OTIMIZACAO,0.7125
741,2013,BCC464,OTIMIZACAO LINEAR E INTEIRA,1.0
742,2013,BCC466,TECNICAS METAHEURISTICAS PARA OTIMIZACAO COMBINATORIA,1.0
743,2013,BCC701,PROGRAMACAO DE COMPUTADORES I,0.61575
744,2013,BCC702,PROGRAMACAO DE COMPUTADORES II,0.4741666666666667
745,2013,BCC760,CALCULO NUMERICO,0.7323529411764707
746,2013,CAT107,INSTALACOES INDUSTRIAIS,0.965
747,2013,CAT700,AUTOMACAO DE SISTEMAS DE PRODUCAO,0.8049999999999999
748,2013,FIS130,FISICA I,0.6171428571428573
749,2013,FIS131,FISICA II,0.4753846153846154
750,2013,FIS132,FISICA III,0.5087499999999999
751,2013,FIS133,FISICA IV,0.8772727272727273
752,2013,FIS214,MECANICA RACIONAL,0.44727272727272727
753,2013,FIS215,MECANICA DO CONTINUO,0.45
754,2013,LET966,INTRODUCAO A LIBRAS,0.87
755,2013,MTM700,CALCULO DIFERENCIAL E INTEGRAL A,0.25333333333333335
756,2013,MTM702,CALCULO DIFERENCIAL E INTEGRAL B,0.665
757,2013,MTM703,CALCULO DIFERENCIAL E INTEGRAL C,0.3375
758,2013,MTM730,GEOMETRIA ANALITICA E ALGEBRA LINEAR,0.5700000000000001
759,2013,PRO106,SEMINARIOS E ESTUDOS EM ENGENHARIA DE PRODUCAO,0.86
760,2013,PRO126,"ENERGIA, SOCIEDADE E MEIO AMBIENTE",0.885
761,2013,PRO215,PLANEJAMENTO E CONTROLE DA PRODUCAO I,0.8999999999999999
762,2013,PRO217,PLANEJAMENTO DAS INSTALACOES,0.94
763,2013,PRO219,PROJETO DO PRODUTO,0.97
764,2013,PRO224,ECONOMIA DA ENGENHARIA,0.9500000000000001
765,2013,PRO226,MACROECONOMIA,0.725
766,2013,PRO227,MICROECONOMIA,0.605
767,2013,PRO236,ENGENHARIA DE PROCESSOS CONTINUOS,0.68
768,2013,PRO309,METODOS ESTOCASTICOS DA ENGENHARIA I ,0.87
769,2013,PRO310,ENGENHARIA ECONOMICA II,1.0
770,2013,PRO314,GERENCIA DE RECURSOS HUMANOS,0.64
771,2013,PRO330,GOVERNANCA CORPORATIVA,0.92
772,2013,PRO335,POLITICA ENERGETICA BRASILEIRA,1.0
773,2013,PRO336,ECONOMIA DA ENERGIA,0.88
774,2013,PRO342,ENGENHARIA DA CONFIABILIDADE,0.83
775,2013,PRO345,ADMINISTRACAO DE MARKETING,0.83
776,2013,PRO374,GESTAO DA CADEIA DE SUPRIMENTOS,0.935
777,2013,PRO376,ENERGIA ELETRICA,1.0
778,2013,PRO390,ESTAGIO SUPERVISIONADO EM ENGENHARIA DE PRODUCAO,0.87
779,2013,PRO404,METODOS ESTOCASTICOS DA ENGENHARIA II,0.93
780,2013,PRO490,PROJETO FINAL DE GRADUACAO,0.95
781,2013,PRO491,TRABALHO FINAL DE GRADUACAO - MONOGRAFIA,0.6545714285714285
782,2013,PRO503,A EVOLUCAO DO PENSAMENTO ECONOMICO,0.5
783,2013,PRO505,ANALISE DE INVESTIMENTOS,1.0
784,2013,PRO508,PESQUISA OPERACIONAL APLICADA A ENGENNHARIA ECONOMICA,1.0
785,2013,PRO509,ADMINISTRACAO FINANCEIRA,0.5
786,2013,PRO511,TEORIA DAS ORGANIZACOES,0.93
787,2013,PRO526,TEORIA DOS JOGOS,1.0
788,2013,PRO527,TEORIA DOS GRAFOS,1.0
789,2013,PRO530,MODELAGEM MATEMATICA EM SEQUENCIAMENTO DA PRODUCAO,0.94
790,2013,PRO550,PETROLEO E GAS NATURAL,1.0
791,2013,PRO551,ENERGIA DA BIOMASSA,1.0
792,2013,PRO553,ENERGIA E MUDANCAS CLIMATICAS,1.0
793,2013,PRO556,PLANEJAMENTO ENERGETICO INTEGRADO,1.0
794,2013,PRO566,METODOS COMPUTACIONAIS AVANCADOS EM ENGENHARIA DE PRODUCAO,1.0
795,2013,PRO571,MODELAGEM ESTOCASTICA E SIMULACAO AVANCADA,0.95
796,2013,PRO572,OTIMIZACAO E LOGISTICA,0.62
797,2013,PRO576,ESTUDO SOCIOLOGICO SOBRE O TRABALHO,1.0
798,2013,PRO579,SISTEMAS COMPUTACIONAIS DE MANUFATURA,0.67
799,2013,PRO602,ERGOLOGIA E TRABALHO,0.86
800,2013,PRO633,ECONOMIA DOS RECURSOS NATURAIS,1.0
801,2013,PRO634,ECONOMIA REGIONAL E URBANA,1.0
802,2013,PRO701,METODOS MATEMATICOS DA ENGENHARIA I,0.635
803,2013,PRO702,SEMINARIO E TRABALHOS ORIENTADOS EM ENGENHARIA DE PRODUCAO,0.77
804,2013,PRO703,PROBABILIDADE APLICADA A ENGENHARIA,0.71
805,2013,PRO704,METODOS MATEMATICOS DA ENGENHARIA II,0.86
806,2013,PRO705,ESTATISTICA APLICADA A ENGENHARIA,0.97
807,2013,PRO706,PESQUISA OPERACIONAL I,0.7225
808,2013,PRO707,TEORIA GERAL DA ADMINISTRACAO,0.9
809,2013,PRO708,PESQUISA OPERACIONAL II,0.9225
810,2013,PRO710,"CIENCIA, TECNOLOGIA E SOCIEDADE",0.905
811,2013,PRO712,SISTEMAS DE INFORMACOES,0.96
812,2013,PRO714,ECONOMIA INDUSTRIAL,0.81
813,2013,PRO716,"ENGENHARIA DE PROCESSOS, RISCOS E PREVENCAO DE PERDAS",0.905
814,2013,PRO717,ENGENHARIA DO TRABALHO,0.855
815,2013,PRO718,ERGONOMIA E TRABALHO,1.0
816,2013,PRO719,ORGANIZACAO DO TRABALHO,0.94
817,2013,PRO720,CIENCIA E MANUFATURA,0.94
818,2013,PRO721,ENGENHARIA DA MANUFATURA,0.9299999999999999
819,2013,PRO722,PLANEJAMENTO E CONTROLE DA PRODUCAO II,0.96
820,2013,PRO723,ENGENHARIA DA QUALIDADE,0.9099999999999999
821,2013,PRO724,LOGISTICA,0.98
822,2013,PRO725,ENGENHARIA DA INFORMACAO,0.94
823,2013,PRO807,PLANEJAMENTO E CONTROLE DA PRODUCAO ,0.44
824,2013,PRO808,ENGENHARIA DO PRODUTO,0.85
825,2013,PRO809,ENGENHARIA ECONOMICA,0.86
826,2013,PRO909,RECURSOS HUMANOS ESTRATEGICOS,0.96
827,2013,PRO910,PLANEJAMENTO E GESTAO DA PRODUCAO ,1.0
828,2013,PRO920,PROJETO DA FABRICA,1.0
829,2013,QUI701,QUIMICA FUNDAMENTAL,0.5399999999999999
830,2014,ARQ700,EXPRESSAO GRAFICA,0.6675
831,2014,BCC342,INTRODUCAO A OTIMIZACAO,0.6875
832,2014,BCC464,OTIMIZACAO LINEAR E INTEIRA,0.0
833,2014,BCC466,TECNICAS METAHEURISTICAS PARA OTIMIZACAO COMBINATORIA,0.56
834,2014,BCC701,PROGRAMACAO DE COMPUTADORES I,0.5847499999999998
835,2014,BCC702,PROGRAMACAO DE COMPUTADORES II,0.5933333333333334
836,2014,BCC760,CALCULO NUMERICO,0.7722222222222223
837,2014,CAT107,INSTALACOES INDUSTRIAIS,0.97
838,2014,CAT700,AUTOMACAO DE SISTEMAS DE PRODUCAO,0.8500000000000001
839,2014,FIS130,FISICA I,0.486
840,2014,FIS131,FISICA II,0.5357142857142857
841,2014,FIS132,FISICA III,0.4326666666666667
842,2014,FIS133,FISICA IV,0.775
843,2014,FIS214,MECANICA RACIONAL,0.6533333333333333
844,2014,FIS215,MECANICA DO CONTINUO,0.8033333333333333
845,2014,LET966,INTRODUCAO A LIBRAS,0.7666666666666667
846,2014,MTM700,CALCULO DIFERENCIAL E INTEGRAL A,0.4175
847,2014,MTM702,CALCULO DIFERENCIAL E INTEGRAL B,0.3325
848,2014,MTM703,CALCULO DIFERENCIAL E INTEGRAL C,0.6575
849,2014,MTM730,GEOMETRIA ANALITICA E ALGEBRA LINEAR,0.31499999999999995
850,2014,PRO106,SEMINARIOS E ESTUDOS EM ENGENHARIA DE PRODUCAO,0.8300000000000001
851,2014,PRO126,"ENERGIA, SOCIEDADE E MEIO AMBIENTE",0.77
852,2014,PRO226,MACROECONOMIA,0.655
853,2014,PRO227,MICROECONOMIA,0.72
854,2014,PRO236,ENGENHARIA DE PROCESSOS CONTINUOS,0.75
855,2014,PRO309,METODOS ESTOCASTICOS DA ENGENHARIA I ,0.785
856,2014,PRO310,ENGENHARIA ECONOMICA II,
857,2014,PRO330,GOVERNANCA CORPORATIVA,0.92
858,2014,PRO335,POLITICA ENERGETICA BRASILEIRA,0.92
859,2014,PRO336,ECONOMIA DA ENERGIA,1.0
860,2014,PRO346,ENGENHARIA FINANCEIRA,0.92
861,2014,PRO374,GESTAO DA CADEIA DE SUPRIMENTOS,1.0
862,2014,PRO390,ESTAGIO SUPERVISIONADO EM ENGENHARIA DE PRODUCAO,0.8500000000000001
863,2014,PRO404,METODOS ESTOCASTICOS DA ENGENHARIA II,0.87
864,2014,PRO490,PROJETO FINAL DE GRADUACAO,0.95
865,2014,PRO491,TRABALHO FINAL DE GRADUACAO - MONOGRAFIA,0.6192592592592594
866,2014,PRO503,A EVOLUCAO DO PENSAMENTO ECONOMICO,1.0
867,2014,PRO504,DESENVOLVIMENTO ECONOMICO,0.9099999999999999
868,2014,PRO505,ANALISE DE INVESTIMENTOS,1.0
869,2014,PRO508,PESQUISA OPERACIONAL APLICADA A ENGENNHARIA ECONOMICA,0.835
870,2014,PRO509,ADMINISTRACAO FINANCEIRA,0.5
871,2014,PRO511,TEORIA DAS ORGANIZACOES,0.96
872,2014,PRO526,TEORIA DOS JOGOS,0.93
873,2014,PRO527,TEORIA DOS GRAFOS,1.0
874,2014,PRO550,PETROLEO E GAS NATURAL,1.0
875,2014,PRO553,ENERGIA E MUDANCAS CLIMATICAS,0.67
876,2014,PRO556,PLANEJAMENTO ENERGETICO INTEGRADO,1.0
877,2014,PRO566,METODOS COMPUTACIONAIS AVANCADOS EM ENGENHARIA DE PRODUCAO,1.0
878,2014,PRO571,MODELAGEM ESTOCASTICA E SIMULACAO AVANCADA,0.915
879,2014,PRO572,OTIMIZACAO E LOGISTICA,1.0
880,2014,PRO573,OTIMIZACAO EXPERIMENTAL DE PRODUTOS E PROCESSOS,0.67
881,2014,PRO605,ESTRATEGIA E PLANEJAMENTO,0.9066666666666666
882,2014,PRO606,PROJETO E GESTAO LOGISTICAS,
883,2014,PRO607,INOVACAO E EMPREENDENDORISMO,0.92
884,2014,PRO609,ENGENHARIA SOCIAL,1.0
885,2014,PRO633,ECONOMIA DOS RECURSOS NATURAIS,0.93
886,2014,PRO701,METODOS MATEMATICOS DA ENGENHARIA I,0.7050000000000001
887,2014,PRO704,METODOS MATEMATICOS DA ENGENHARIA II,0.65
888,2014,PRO706,PESQUISA OPERACIONAL I,0.7925
889,2014,PRO708,PESQUISA OPERACIONAL II,0.772
890,2014,PRO710,"CIENCIA, TECNOLOGIA E SOCIEDADE",0.89
891,2014,PRO714,ECONOMIA INDUSTRIAL,0.7
892,2014,PRO716,"ENGENHARIA DE PROCESSOS, RISCOS E PREVENCAO DE PERDAS",0.795
893,2014,PRO717,ENGENHARIA DO TRABALHO,0.8400000000000001
894,2014,PRO718,ERGONOMIA E TRABALHO,0.885
895,2014,PRO720,CIENCIA E MANUFATURA,0.95
896,2014,PRO721,ENGENHARIA DA MANUFATURA,0.955
897,2014,PRO723,ENGENHARIA DA QUALIDADE,0.86
898,2014,PRO724,LOGISTICA,0.9
899,2014,PRO725,ENGENHARIA DA INFORMACAO,0.975
900,2014,PRO807,PLANEJAMENTO E CONTROLE DA PRODUCAO ,0.745
901,2014,PRO808,ENGENHARIA DO PRODUTO,0.955
902,2014,PRO809,ENGENHARIA ECONOMICA,0.9650000000000001
903,2014,PRO909,RECURSOS HUMANOS ESTRATEGICOS,1.0
904,2014,PRO910,PLANEJAMENTO E GESTAO DA PRODUCAO ,0.9650000000000001
905,2014,PRO920,PROJETO DA FABRICA,1.0
906,2014,QUI701,QUIMICA FUNDAMENTAL,0.5833333333333334
907,2015,ARQ700,EXPRESSAO GRAFICA,0.5875
908,2015,BCC701,PROGRAMACAO DE COMPUTADORES I,0.6033333333333334
909,2015,BCC702,PROGRAMACAO DE COMPUTADORES II,0.5041666666666667
910,2015,BCC760,CALCULO NUMERICO,0.7638888888888888
911,2015,CAT107,INSTALACOES INDUSTRIAIS,0.95
912,2015,CAT700,AUTOMACAO DE SISTEMAS DE PRODUCAO,0.885
913,2015,CSA172,ECONOMIA DO SETOR PUBLICO,0.865
914,2015,CSA262,COMUNICACAO ORGANIZACIONAL,0.725
915,2015,CSA324,CIDADANIA E DIREITO SOCIAL,0.7350000000000001
916,2015,CSA333,ACUMULACAO CAPITALISTA E QUESTAO SOCIAL,0.73
917,2015,CSA334,CLASSES E MOVIMENTOS SOCIAIS,0.6799999999999999
918,2015,CSA340,POLITICA SOCIAL NA ORDEM DO CAPITAL,0.75
919,2015,CSA476,MERCADO DE CAPITAIS,0.77
920,2015,CSA601,TEORIA POLITICA,0.7649999999999999
921,2015,FIL126,FILOSOFIA,0.855
922,2015,FIL612,INTRODUCAO A HISTORIA DA FILOSOFIA,0.68
923,2015,FIL613,LOGICA I,0.11
924,2015,FIL622,TEORIA DO CONHECIMENTO,0.29
925,2015,FIL643,FILOSOFIA DAS CIENCIAS: SECULO XX,0.87
926,2015,FIL652,ETICA,0.52
927,2015,FIL662,FILOSOFIA DA ARTE,0.48
928,2015,FIS130,FISICA I,0.48071428571428576
929,2015,FIS131,FISICA II,0.5446153846153845
930,2015,FIS132,FISICA III,0.4473333333333333
931,2015,FIS133,FISICA IV,0.7854545454545455
932,2015,FIS214,MECANICA RACIONAL,0.6263636363636363
933,2015,FIS215,MECANICA DO CONTINUO,0.84
934,2015,FIS516,MECANICA QUANTICA I,0.4
935,2015,FIS629,MECANICA QUANTICA II,1.0
936,2015,FIS831,TEORIA DA RELATIVIDADE,1.0
937,2015,HIS130,HISTORIA CONTEMPORANEA,0.39
938,2015,HIS429,TEORIA POLITICA,0.72
939,2015,HIS836,SEMINARIO EM HISTORIA  DA ARTE III,0.48
940,2015,LET771,INTRODUCAO AOS ESTUDOS LITERARIOS,0.765
941,2015,LET772,LITERATURA BRASILEIRA I,0.5
942,2015,LET871,LITERATURA PORTUGUESA I,0.655
943,2015,LET873,LITERATURA BRASILEIRA II,0.675
944,2015,LET874,LITERATURA PORTUGUESA II,0.595
945,2015,LET876,LITERATURAS AFRICANAS DE LINGUA PORTUGUESA,0.665
946,2015,LET966,INTRODUCAO A LIBRAS,0.7621428571428572
947,2015,MTM700,CALCULO DIFERENCIAL E INTEGRAL A,0.41714285714285715
948,2015,MTM702,CALCULO DIFERENCIAL E INTEGRAL B,0.44
949,2015,MTM703,CALCULO DIFERENCIAL E INTEGRAL C,0.5075
950,2015,MTM730,GEOMETRIA ANALITICA E ALGEBRA LINEAR,0.6239999999999999
951,2015,MUL120,PATRIMONIO CULTURAL,0.73
952,2015,MUL122,PRESERVACAO E GESTAO DO PATRIMONIO CULTURAL,0.82
953,2015,MUS143,MUSICA BRASILEIRA I,0.81
954,2015,MUS408,TOPICOS EM HISTORIA DA ARTE E APRECIACAO ARTISTICA,0.4
955,2015,MUS420,TOPICOS EM MUSICA BRASILEIRA,
956,2015,MUS473,TOPICOS EM HISTORIA DA MUSICA E APRECIACAO MUSICAL,0.44999999999999996
957,2015,PRO106,SEMINARIOS E ESTUDOS EM ENGENHARIA DE PRODUCAO,0.87
958,2015,PRO126,"ENERGIA, SOCIEDADE E MEIO AMBIENTE",0.815
959,2015,PRO226,MACROECONOMIA,0.575
960,2015,PRO227,MICROECONOMIA,0.41
961,2015,PRO236,ENGENHARIA DE PROCESSOS CONTINUOS,0.585
962,2015,PRO309,METODOS ESTOCASTICOS DA ENGENHARIA I ,0.655
963,2015,PRO310,ENGENHARIA ECONOMICA II,0.33
964,2015,PRO330,GOVERNANCA CORPORATIVA,1.0
965,2015,PRO345,ADMINISTRACAO DE MARKETING,0.71
966,2015,PRO346,ENGENHARIA FINANCEIRA,0.88
967,2015,PRO374,GESTAO DA CADEIA DE SUPRIMENTOS,1.0
968,2015,PRO390,ESTAGIO SUPERVISIONADO EM ENGENHARIA DE PRODUCAO,0.8049999999999999
969,2015,PRO404,METODOS ESTOCASTICOS DA ENGENHARIA II,0.8933333333333334
970,2015,PRO490,PROJETO FINAL DE GRADUACAO,0.9433333333333334
971,2015,PRO491,TRABALHO FINAL DE GRADUACAO - MONOGRAFIA,0.5886666666666667
972,2015,PRO503,A EVOLUCAO DO PENSAMENTO ECONOMICO,1.0
973,2015,PRO508,PESQUISA OPERACIONAL APLICADA A ENGENNHARIA ECONOMICA,1.0
974,2015,PRO509,ADMINISTRACAO FINANCEIRA,0.76
975,2015,PRO511,TEORIA DAS ORGANIZACOES,0.915
976,2015,PRO526,TEORIA DOS JOGOS,1.0
977,2015,PRO527,TEORIA DOS GRAFOS,0.89
978,2015,PRO530,MODELAGEM MATEMATICA EM SEQUENCIAMENTO DA PRODUCAO,1.0
979,2015,PRO550,PETROLEO E GAS NATURAL,0.98
980,2015,PRO553,ENERGIA E MUDANCAS CLIMATICAS,0.88
981,2015,PRO571,MODELAGEM ESTOCASTICA E SIMULACAO AVANCADA,0.855
982,2015,PRO602,ERGOLOGIA E TRABALHO,0.8
983,2015,PRO604,ENGENHARIA DE SERVICOS,1.0
984,2015,PRO605,ESTRATEGIA E PLANEJAMENTO,1.0
985,2015,PRO606,PROJETO E GESTAO LOGISTICAS,1.0
986,2015,PRO607,INOVACAO E EMPREENDENDORISMO,0.835
987,2015,PRO608,DESENVOLVIMENTO TECNOLOGICO  E SUSTENTABILIDADE,1.0
988,2015,PRO631,ECONOMIA DO MEIO AMBIENTE,0.6
989,2015,PRO633,ECONOMIA DOS RECURSOS NATURAIS,0.85
990,2015,PRO635,ECONOMIA BRASILEIRA,1.0
991,2015,PRO640,OTIMIZACAO E INTELIGENCIA COMPUTACIONAL,
992,2015,PRO701,METODOS MATEMATICOS DA ENGENHARIA I,0.54
993,2015,PRO704,METODOS MATEMATICOS DA ENGENHARIA II,0.715
994,2015,PRO706,PESQUISA OPERACIONAL I,0.8474999999999999
995,2015,PRO708,PESQUISA OPERACIONAL II,0.76
996,2015,PRO710,"CIENCIA, TECNOLOGIA E SOCIEDADE",0.75
997,2015,PRO714,ECONOMIA INDUSTRIAL,0.7949999999999999
998,2015,PRO716,"ENGENHARIA DE PROCESSOS, RISCOS E PREVENCAO DE PERDAS",0.75
999,2015,PRO717,ENGENHARIA DO TRABALHO,0.895
1000,2015,PRO718,ERGONOMIA E TRABALHO,0.9299999999999999
1001,2015,PRO720,CIENCIA E MANUFATURA,0.905
1002,2015,PRO721,ENGENHARIA DA MANUFATURA,0.905
1003,2015,PRO723,ENGENHARIA DA QUALIDADE,0.81
1004,2015,PRO724,LOGISTICA,0.7949999999999999
1005,2015,PRO725,ENGENHARIA DA INFORMACAO,0.95
1006,2015,PRO807,PLANEJAMENTO E CONTROLE DA PRODUCAO ,0.895
1007,2015,PRO808,ENGENHARIA DO PRODUTO,0.985
1008,2015,PRO809,ENGENHARIA ECONOMICA,0.935
1009,2015,PRO909,RECURSOS HUMANOS ESTRATEGICOS,0.91
1010,2015,PRO910,PLANEJAMENTO E GESTAO DA PRODUCAO ,0.92
1011,2015,PRO920,PROJETO DA FABRICA,0.9566666666666667
1012,2015,QUI701,QUIMICA FUNDAMENTAL,0.6708333333333334
1013,2016,ARQ700,EXPRESSAO GRAFICA,0.7150000000000001
1014,2016,BCC701,PROGRAMACAO DE COMPUTADORES I,0.5202564102564101
1015,2016,BCC702,PROGRAMACAO DE COMPUTADORES II,0.49333333333333335
1016,2016,BCC760,CALCULO NUMERICO,0.7494444444444444
1017,2016,CAT107,INSTALACOES INDUSTRIAIS,0.945
1018,2016,CAT700,AUTOMACAO DE SISTEMAS DE PRODUCAO,0.8966666666666666
1019,2016,CSA172,ECONOMIA DO SETOR PUBLICO,0.975
1020,2016,CSA262,COMUNICACAO ORGANIZACIONAL,0.845
1021,2016,CSA324,CIDADANIA E DIREITO SOCIAL,0.645
1022,2016,CSA333,ACUMULACAO CAPITALISTA E QUESTAO SOCIAL,0.65
1023,2016,CSA334,CLASSES E MOVIMENTOS SOCIAIS,0.555
1024,2016,CSA340,POLITICA SOCIAL NA ORDEM DO CAPITAL,0.6799999999999999
1025,2016,CSA476,MERCADO DE CAPITAIS,0.78
1026,2016,CSA551,EXCLUSAO SOCIAL NA AMERICA LATINA,0.78
1027,2016,FIL126,FILOSOFIA,0.77
1028,2016,FIL612,INTRODUCAO A HISTORIA DA FILOSOFIA,0.77
1029,2016,FIL613,LOGICA I,0.13
1030,2016,FIL622,TEORIA DO CONHECIMENTO,0.65
1031,2016,FIL643,FILOSOFIA DAS CIENCIAS: SECULO XX,0.7
1032,2016,FIL652,ETICA,0.48
1033,2016,FIL662,FILOSOFIA DA ARTE,0.66
1034,2016,FIS130,FISICA I,0.47533333333333333
1035,2016,FIS131,FISICA II,0.43153846153846154
1036,2016,FIS132,FISICA III,0.5486666666666669
1037,2016,FIS133,FISICA IV,0.7541666666666665
1038,2016,FIS214,MECANICA RACIONAL,0.683076923076923
1039,2016,FIS215,MECANICA DO CONTINUO,0.8833333333333333
1040,2016,FIS516,MECANICA QUANTICA I,0.67
1041,2016,FIS629,MECANICA QUANTICA II,1.0
1042,2016,FIS827,INTRODUCAO A INFORMACAO QUANTICA,0.78
1043,2016,FIS831,TEORIA DA RELATIVIDADE,1.0
1044,2016,HIS130,HISTORIA CONTEMPORANEA,0.52
1045,2016,HIS429,TEORIA POLITICA,0.8025
1046,2016,LET771,INTRODUCAO AOS ESTUDOS LITERARIOS,0.755
1047,2016,LET772,LITERATURA BRASILEIRA I,0.6
1048,2016,LET871,LITERATURA PORTUGUESA I,0.71
1049,2016,LET873,LITERATURA BRASILEIRA II,0.72
1050,2016,LET874,LITERATURA PORTUGUESA II,0.62
1051,2016,LET876,LITERATURAS AFRICANAS DE LINGUA PORTUGUESA,0.735
1052,2016,LET966,INTRODUCAO A LIBRAS,0.7925
1053,2016,MTM700,CALCULO DIFERENCIAL E INTEGRAL A,0.4416666666666667
1054,2016,MTM702,CALCULO DIFERENCIAL E INTEGRAL B,0.515
1055,2016,MTM703,CALCULO DIFERENCIAL E INTEGRAL C,0.585
1056,2016,MTM730,GEOMETRIA ANALITICA E ALGEBRA LINEAR,0.405
1057,2016,MUL120,PATRIMONIO CULTURAL,0.85
1058,2016,MUL122,PRESERVACAO E GESTAO DO PATRIMONIO CULTURAL,0.96
1059,2016,MUS143,MUSICA BRASILEIRA I,0.66
1060,2016,MUS144,MUSICA BRASILEIRA II,0.8
1061,2016,MUS473,TOPICOS EM HISTORIA DA MUSICA E APRECIACAO MUSICAL,0.33
1062,2016,PRO106,SEMINARIOS E ESTUDOS EM ENGENHARIA DE PRODUCAO,0.885
1063,2016,PRO126,"ENERGIA, SOCIEDADE E MEIO AMBIENTE",0.75
1064,2016,PRO226,MACROECONOMIA,0.95
1065,2016,PRO227,MICROECONOMIA,0.9366666666666666
1066,2016,PRO236,ENGENHARIA DE PROCESSOS CONTINUOS,0.9175
1067,2016,PRO309,METODOS ESTOCASTICOS DA ENGENHARIA I ,0.465
1068,2016,PRO330,GOVERNANCA CORPORATIVA,0.97
1069,2016,PRO336,ECONOMIA DA ENERGIA,0.855
1070,2016,PRO345,ADMINISTRACAO DE MARKETING,0.9
1071,2016,PRO374,GESTAO DA CADEIA DE SUPRIMENTOS,0.95
1072,2016,PRO390,ESTAGIO SUPERVISIONADO EM ENGENHARIA DE PRODUCAO,0.9
1073,2016,PRO404,METODOS ESTOCASTICOS DA ENGENHARIA II,0.9266666666666667
1074,2016,PRO490,PROJETO FINAL DE GRADUACAO,0.9
1075,2016,PRO491,TRABALHO FINAL DE GRADUACAO - MONOGRAFIA,0.5583783783783784
1076,2016,PRO504,DESENVOLVIMENTO ECONOMICO,0.9099999999999999
1077,2016,PRO508,PESQUISA OPERACIONAL APLICADA A ENGENNHARIA ECONOMICA,0.8
1078,2016,PRO509,ADMINISTRACAO FINANCEIRA,0.56
1079,2016,PRO511,TEORIA DAS ORGANIZACOES,0.92
1080,2016,PRO526,TEORIA DOS JOGOS,0.74
1081,2016,PRO530,MODELAGEM MATEMATICA EM SEQUENCIAMENTO DA PRODUCAO,0.47
1082,2016,PRO550,PETROLEO E GAS NATURAL,0.8
1083,2016,PRO551,ENERGIA DA BIOMASSA,0.87
1084,2016,PRO553,ENERGIA E MUDANCAS CLIMATICAS,1.0
1085,2016,PRO556,PLANEJAMENTO ENERGETICO INTEGRADO,1.0
1086,2016,PRO566,METODOS COMPUTACIONAIS AVANCADOS EM ENGENHARIA DE PRODUCAO,0.92
1087,2016,PRO571,MODELAGEM ESTOCASTICA E SIMULACAO AVANCADA,0.75
1088,2016,PRO602,ERGOLOGIA E TRABALHO,1.0
1089,2016,PRO604,ENGENHARIA DE SERVICOS,1.0
1090,2016,PRO605,ESTRATEGIA E PLANEJAMENTO,0.97
1091,2016,PRO606,PROJETO E GESTAO LOGISTICAS,0.89
1092,2016,PRO607,INOVACAO E EMPREENDENDORISMO,0.89
1093,2016,PRO609,ENGENHARIA SOCIAL,1.0
1094,2016,PRO636,METODOS ESTOCASTICOS  DA ENGENHARIA III,0.93
1095,2016,PRO639,OTIMIZACAO DE SISTEMAS DE GRANDE PORTE,0.78
1096,2016,PRO640,OTIMIZACAO E INTELIGENCIA COMPUTACIONAL,1.0
1097,2016,PRO701,METODOS MATEMATICOS DA ENGENHARIA I,0.435
1098,2016,PRO704,METODOS MATEMATICOS DA ENGENHARIA II,0.85
1099,2016,PRO706,PESQUISA OPERACIONAL I,0.8425
1100,2016,PRO708,PESQUISA OPERACIONAL II,0.5625
1101,2016,PRO710,"CIENCIA, TECNOLOGIA E SOCIEDADE",0.9633333333333334
1102,2016,PRO714,ECONOMIA INDUSTRIAL,0.825
1103,2016,PRO716,"ENGENHARIA DE PROCESSOS, RISCOS E PREVENCAO DE PERDAS",0.9325
1104,2016,PRO717,ENGENHARIA DO TRABALHO,0.88
1105,2016,PRO718,ERGONOMIA E TRABALHO,0.865
1106,2016,PRO720,CIENCIA E MANUFATURA,0.935
1107,2016,PRO721,ENGENHARIA DA MANUFATURA,0.865
1108,2016,PRO723,ENGENHARIA DA QUALIDADE,0.9450000000000001
1109,2016,PRO724,LOGISTICA,0.895
1110,2016,PRO725,ENGENHARIA DA INFORMACAO,0.95
1111,2016,PRO807,PLANEJAMENTO E CONTROLE DA PRODUCAO ,0.88
1112,2016,PRO808,ENGENHARIA DO PRODUTO,0.915
1113,2016,PRO809,ENGENHARIA ECONOMICA,0.95
1114,2016,PRO909,RECURSOS HUMANOS ESTRATEGICOS,0.955
1115,2016,PRO910,PLANEJAMENTO E GESTAO DA PRODUCAO ,0.9199999999999999
1116,2016,PRO920,PROJETO DA FABRICA,0.9375
1117,2016,QUI701,QUIMICA FUNDAMENTAL,0.6266666666666666
1118,2017,ARQ700,EXPRESSAO GRAFICA,0.7799999999999999
1119,2017,BCC701,PROGRAMACAO DE COMPUTADORES I,0.5657894736842106
1120,2017,BCC702,PROGRAMACAO DE COMPUTADORES II,0.5158333333333334
1121,2017,BCC760,CALCULO NUMERICO,0.6405263157894737
1122,2017,CAT107,INSTALACOES INDUSTRIAIS,0.95
1123,2017,CAT700,AUTOMACAO DE SISTEMAS DE PRODUCAO,0.9033333333333333
1124,2017,FIS130,FISICA I,0.6726666666666666
1125,2017,FIS131,FISICA II,0.5653846153846154
1126,2017,FIS132,FISICA III,0.6646666666666667
1127,2017,FIS133,FISICA IV,0.6999999999999998
1128,2017,FIS214,MECANICA RACIONAL,0.7133333333333334
1129,2017,FIS215,MECANICA DO CONTINUO,0.7100000000000001
1130,2017,LET966,INTRODUCAO A LIBRAS,0.7541176470588236
1131,2017,MTM700,CALCULO DIFERENCIAL E INTEGRAL A,0.3425
1132,2017,MTM702,CALCULO DIFERENCIAL E INTEGRAL B,0.485
1133,2017,MTM703,CALCULO DIFERENCIAL E INTEGRAL C,0.7475
1134,2017,MTM730,GEOMETRIA ANALITICA E ALGEBRA LINEAR,0.515
1135,2017,PRO106,SEMINARIOS E ESTUDOS EM ENGENHARIA DE PRODUCAO,0.85
1136,2017,PRO126,"ENERGIA, SOCIEDADE E MEIO AMBIENTE",0.77
1137,2017,PRO226,MACROECONOMIA,0.9099999999999999
1138,2017,PRO227,MICROECONOMIA,0.805
1139,2017,PRO236,ENGENHARIA DE PROCESSOS CONTINUOS,0.9433333333333334
1140,2017,PRO309,METODOS ESTOCASTICOS DA ENGENHARIA I ,0.5900000000000001
1141,2017,PRO336,ECONOMIA DA ENERGIA,0.78
1142,2017,PRO345,ADMINISTRACAO DE MARKETING,0.81
1143,2017,PRO346,ENGENHARIA FINANCEIRA,0.95
1144,2017,PRO374,GESTAO DA CADEIA DE SUPRIMENTOS,0.64
1145,2017,PRO390,ESTAGIO SUPERVISIONADO EM ENGENHARIA DE PRODUCAO,0.8325
1146,2017,PRO404,METODOS ESTOCASTICOS DA ENGENHARIA II,0.925
1147,2017,PRO490,PROJETO FINAL DE GRADUACAO,0.81
1148,2017,PRO491,TRABALHO FINAL DE GRADUACAO - MONOGRAFIA,0.5335294117647059
1149,2017,PRO508,PESQUISA OPERACIONAL APLICADA A ENGENNHARIA ECONOMICA,0.82
1150,2017,PRO509,ADMINISTRACAO FINANCEIRA,0.8600000000000001
1151,2017,PRO511,TEORIA DAS ORGANIZACOES,0.95
1152,2017,PRO526,TEORIA DOS JOGOS,0.75
1153,2017,PRO530,MODELAGEM MATEMATICA EM SEQUENCIAMENTO DA PRODUCAO,0.84
1154,2017,PRO550,PETROLEO E GAS NATURAL,0.5
1155,2017,PRO551,ENERGIA DA BIOMASSA,0.835
1156,2017,PRO556,PLANEJAMENTO ENERGETICO INTEGRADO,0.895
1157,2017,PRO562,EFICIENCIA E CONSERVACAO DE ENERGIA,0.9666666666666667
1158,2017,PRO565,PLANEJAMENTO E AVALIACAO DE SISTEMAS ENERGETICOS,1.0
1159,2017,PRO566,METODOS COMPUTACIONAIS AVANCADOS EM ENGENHARIA DE PRODUCAO,1.0
1160,2017,PRO606,PROJETO E GESTAO LOGISTICAS,0.88
1161,2017,PRO607,INOVACAO E EMPREENDENDORISMO,0.7
1162,2017,PRO608,DESENVOLVIMENTO TECNOLOGICO  E SUSTENTABILIDADE,1.0
1163,2017,PRO630,ECONOMIA MONETARIA E FINANCEIRA,0.88
1164,2017,PRO635,ECONOMIA BRASILEIRA,0.9
1165,2017,PRO639,OTIMIZACAO DE SISTEMAS DE GRANDE PORTE,0.91
1166,2017,PRO640,OTIMIZACAO E INTELIGENCIA COMPUTACIONAL,1.0
1167,2017,PRO701,METODOS MATEMATICOS DA ENGENHARIA I,0.67
1168,2017,PRO704,METODOS MATEMATICOS DA ENGENHARIA II,0.77
1169,2017,PRO706,PESQUISA OPERACIONAL I,0.7599999999999999
1170,2017,PRO708,PESQUISA OPERACIONAL II,0.7474999999999999
1171,2017,PRO710,"CIENCIA, TECNOLOGIA E SOCIEDADE",0.855
1172,2017,PRO714,ECONOMIA INDUSTRIAL,0.7666666666666666
1173,2017,PRO716,"ENGENHARIA DE PROCESSOS, RISCOS E PREVENCAO DE PERDAS",0.95
1174,2017,PRO717,ENGENHARIA DO TRABALHO,0.855
1175,2017,PRO718,ERGONOMIA E TRABALHO,0.825
1176,2017,PRO720,CIENCIA E MANUFATURA,0.825
1177,2017,PRO721,ENGENHARIA DA MANUFATURA,0.92
1178,2017,PRO723,ENGENHARIA DA QUALIDADE,0.885
1179,2017,PRO724,LOGISTICA,0.825
1180,2017,PRO725,ENGENHARIA DA INFORMACAO,0.99
1181,2017,PRO807,PLANEJAMENTO E CONTROLE DA PRODUCAO ,1.0
1182,2017,PRO808,ENGENHARIA DO PRODUTO,0.98
1183,2017,PRO809,ENGENHARIA ECONOMICA,1.0
1184,2017,PRO909,RECURSOS HUMANOS ESTRATEGICOS,0.9899999999999999
1185,2017,PRO910,PLANEJAMENTO E GESTAO DA PRODUCAO ,0.8833333333333333
1186,2017,PRO920,PROJETO DA FABRICA,0.985
1187,2017,QUI701,QUIMICA FUNDAMENTAL,0.6033333333333333
1188,2018,ARQ700,EXPRESSAO GRAFICA,0.8799999999999999
1189,2018,BCC701,PROGRAMACAO DE COMPUTADORES I,0.4633333333333334
1190,2018,BCC702,PROGRAMACAO DE COMPUTADORES II,0.32166666666666666
1191,2018,BCC760,CALCULO NUMERICO,0.71
1192,2018,CAT107,INSTALACOES INDUSTRIAIS,1.0
1193,2018,CAT700,AUTOMACAO DE SISTEMAS DE PRODUCAO,0.765
1194,2018,FIS130,FISICA I,0.5876470588235293
1195,2018,FIS131,FISICA II,0.642
1196,2018,FIS132,FISICA III,0.62625
1197,2018,FIS133,FISICA IV,0.6076923076923076
1198,2018,FIS214,MECANICA RACIONAL,0.6425
1199,2018,FIS215,MECANICA DO CONTINUO,0.9125000000000001
1200,2018,LET966,INTRODUCAO A LIBRAS,0.7916666666666665
1201,2018,MTM700,CALCULO DIFERENCIAL E INTEGRAL A,0.53
1202,2018,MTM702,CALCULO DIFERENCIAL E INTEGRAL B,0.352
1203,2018,MTM703,CALCULO DIFERENCIAL E INTEGRAL C,0.5575
1204,2018,MTM730,GEOMETRIA ANALITICA E ALGEBRA LINEAR,0.3983333333333334
1205,2018,PRO106,SEMINARIOS E ESTUDOS EM ENGENHARIA DE PRODUCAO,0.87
1206,2018,PRO126,"ENERGIA, SOCIEDADE E MEIO AMBIENTE",0.74
1207,2018,PRO226,MACROECONOMIA,0.915
1208,2018,PRO227,MICROECONOMIA,0.84
1209,2018,PRO236,ENGENHARIA DE PROCESSOS CONTINUOS,0.82
1210,2018,PRO309,METODOS ESTOCASTICOS DA ENGENHARIA I ,0.605
1211,2018,PRO336,ECONOMIA DA ENERGIA,0.78
1212,2018,PRO345,ADMINISTRACAO DE MARKETING,0.89
1213,2018,PRO374,GESTAO DA CADEIA DE SUPRIMENTOS,0.9199999999999999
1214,2018,PRO390,ESTAGIO SUPERVISIONADO EM ENGENHARIA DE PRODUCAO,0.6050000000000001
1215,2018,PRO404,METODOS ESTOCASTICOS DA ENGENHARIA II,0.815
1216,2018,PRO490,PROJETO FINAL DE GRADUACAO,0.93
1217,2018,PRO491,TRABALHO FINAL DE GRADUACAO - MONOGRAFIA,0.4073684210526316
1218,2018,PRO503,A EVOLUCAO DO PENSAMENTO ECONOMICO,1.0
1219,2018,PRO508,PESQUISA OPERACIONAL APLICADA A ENGENNHARIA ECONOMICA,0.62
1220,2018,PRO509,ADMINISTRACAO FINANCEIRA,0.855
1221,2018,PRO511,TEORIA DAS ORGANIZACOES,0.905
1222,2018,PRO526,TEORIA DOS JOGOS,0.65
1223,2018,PRO530,MODELAGEM MATEMATICA EM SEQUENCIAMENTO DA PRODUCAO,0.875
1224,2018,PRO550,PETROLEO E GAS NATURAL,0.815
1225,2018,PRO551,ENERGIA DA BIOMASSA,0.7
1226,2018,PRO553,ENERGIA E MUDANCAS CLIMATICAS,0.75
1227,2018,PRO556,PLANEJAMENTO ENERGETICO INTEGRADO,1.0
1228,2018,PRO562,EFICIENCIA E CONSERVACAO DE ENERGIA,0.65
1229,2018,PRO563,ENGENHARIA DA ENERGIA,0.89
1230,2018,PRO566,METODOS COMPUTACIONAIS AVANCADOS EM ENGENHARIA DE PRODUCAO,0.84
1231,2018,PRO571,MODELAGEM ESTOCASTICA E SIMULACAO AVANCADA,0.86
1232,2018,PRO605,ESTRATEGIA E PLANEJAMENTO,0.94
1233,2018,PRO606,PROJETO E GESTAO LOGISTICAS,0.79
1234,2018,PRO607,INOVACAO E EMPREENDENDORISMO,1.0
1235,2018,PRO609,ENGENHARIA SOCIAL,0.615
1236,2018,PRO630,ECONOMIA MONETARIA E FINANCEIRA,0.97
1237,2018,PRO635,ECONOMIA BRASILEIRA,1.0
1238,2018,PRO640,OTIMIZACAO E INTELIGENCIA COMPUTACIONAL,0.87
1239,2018,PRO701,METODOS MATEMATICOS DA ENGENHARIA I,0.585
1240,2018,PRO704,METODOS MATEMATICOS DA ENGENHARIA II,0.68
1241,2018,PRO706,PESQUISA OPERACIONAL I,0.71
1242,2018,PRO708,PESQUISA OPERACIONAL II,0.62
1243,2018,PRO710,"CIENCIA, TECNOLOGIA E SOCIEDADE",0.835
1244,2018,PRO714,ECONOMIA INDUSTRIAL,0.625
1245,2018,PRO716,"ENGENHARIA DE PROCESSOS, RISCOS E PREVENCAO DE PERDAS",0.9133333333333334
1246,2018,PRO717,ENGENHARIA DO TRABALHO,0.925
1247,2018,PRO718,ERGONOMIA E TRABALHO,0.905
1248,2018,PRO720,CIENCIA E MANUFATURA,0.7749999999999999
1249,2018,PRO721,ENGENHARIA DA MANUFATURA,0.75
1250,2018,PRO723,ENGENHARIA DA QUALIDADE,0.68
1251,2018,PRO724,LOGISTICA,0.7150000000000001
1252,2018,PRO725,ENGENHARIA DA INFORMACAO,0.8400000000000001
1253,2018,PRO807,PLANEJAMENTO E CONTROLE DA PRODUCAO ,0.815
1254,2018,PRO808,ENGENHARIA DO PRODUTO,0.8300000000000001
1255,2018,PRO809,ENGENHARIA ECONOMICA,0.85
1256,2018,PRO909,RECURSOS HUMANOS ESTRATEGICOS,0.9633333333333334
1257,2018,PRO910,PLANEJAMENTO E GESTAO DA PRODUCAO ,0.8
1258,2018,PRO920,PROJETO DA FABRICA,0.865
1259,2018,QUI701,QUIMICA FUNDAMENTAL,0.625
1260,2019,ARQ700,EXPRESSAO GRAFICA,0.8066666666666666
1261,2019,BCC701,PROGRAMACAO DE COMPUTADORES I,0.4588095238095238
1262,2019,BCC702,PROGRAMACAO DE COMPUTADORES II,0.4791666666666667
1263,2019,BCC760,CALCULO NUMERICO,0.6033333333333332
1264,2019,CAT107,INSTALACOES INDUSTRIAIS,0.87
1265,2019,CAT700,AUTOMACAO DE SISTEMAS DE PRODUCAO,0.6799999999999999
1266,2019,FIS130,FISICA I,0.38176470588235295
1267,2019,FIS131,FISICA II,0.49928571428571444
1268,2019,FIS132,FISICA III,0.456
1269,2019,FIS133,FISICA IV,0.5258333333333334
1270,2019,FIS214,MECANICA RACIONAL,0.48583333333333334
1271,2019,FIS215,MECANICA DO CONTINUO,0.845
1272,2019,LET966,INTRODUCAO A LIBRAS,0.7319999999999999
1273,2019,MTM700,CALCULO DIFERENCIAL E INTEGRAL A,0.2833333333333333
1274,2019,MTM702,CALCULO DIFERENCIAL E INTEGRAL B,0.6266666666666667
1275,2019,MTM703,CALCULO DIFERENCIAL E INTEGRAL C,0.46166666666666667
1276,2019,MTM730,GEOMETRIA ANALITICA E ALGEBRA LINEAR,0.4828571428571428
1277,2019,PRO106,SEMINARIOS E ESTUDOS EM ENGENHARIA DE PRODUCAO,0.8
1278,2019,PRO126,"ENERGIA, SOCIEDADE E MEIO AMBIENTE",0.78
1279,2019,PRO226,MACROECONOMIA,0.8999999999999999
1280,2019,PRO227,MICROECONOMIA,0.86
1281,2019,PRO236,ENGENHARIA DE PROCESSOS CONTINUOS,0.885
1282,2019,PRO309,METODOS ESTOCASTICOS DA ENGENHARIA I ,0.345
1283,2019,PRO336,ECONOMIA DA ENERGIA,0.895
1284,2019,PRO345,ADMINISTRACAO DE MARKETING,1.0
1285,2019,PRO374,GESTAO DA CADEIA DE SUPRIMENTOS,0.89
1286,2019,PRO390,ESTAGIO SUPERVISIONADO EM ENGENHARIA DE PRODUCAO,0.71
1287,2019,PRO404,METODOS ESTOCASTICOS DA ENGENHARIA II,0.78
1288,2019,PRO490,PROJETO FINAL DE GRADUACAO,0.86
1289,2019,PRO491,TRABALHO FINAL DE GRADUACAO - MONOGRAFIA,0.3492105263157895
1290,2019,PRO503,A EVOLUCAO DO PENSAMENTO ECONOMICO,0.76
1291,2019,PRO508,PESQUISA OPERACIONAL APLICADA A ENGENNHARIA ECONOMICA,0.83
1292,2019,PRO509,ADMINISTRACAO FINANCEIRA,1.0
1293,2019,PRO511,TEORIA DAS ORGANIZACOES,0.8799999999999999
1294,2019,PRO530,MODELAGEM MATEMATICA EM SEQUENCIAMENTO DA PRODUCAO,1.0
1295,2019,PRO550,PETROLEO E GAS NATURAL,0.8
1296,2019,PRO551,ENERGIA DA BIOMASSA,0.855
1297,2019,PRO553,ENERGIA E MUDANCAS CLIMATICAS,0.9
1298,2019,PRO556,PLANEJAMENTO ENERGETICO INTEGRADO,0.7849999999999999
1299,2019,PRO562,EFICIENCIA E CONSERVACAO DE ENERGIA,0.9033333333333333
1300,2019,PRO563,ENGENHARIA DA ENERGIA,1.0
1301,2019,PRO565,PLANEJAMENTO E AVALIACAO DE SISTEMAS ENERGETICOS,0.8
1302,2019,PRO566,METODOS COMPUTACIONAIS AVANCADOS EM ENGENHARIA DE PRODUCAO,0.85
1303,2019,PRO571,MODELAGEM ESTOCASTICA E SIMULACAO AVANCADA,0.25
1304,2019,PRO602,ERGOLOGIA E TRABALHO,0.95
1305,2019,PRO606,PROJETO E GESTAO LOGISTICAS,1.0
1306,2019,PRO607,INOVACAO E EMPREENDENDORISMO,0.835
1307,2019,PRO609,ENGENHARIA SOCIAL,0.5933333333333334
1308,2019,PRO630,ECONOMIA MONETARIA E FINANCEIRA,
1309,2019,PRO634,ECONOMIA REGIONAL E URBANA,0.8200000000000001
1310,2019,PRO636,METODOS ESTOCASTICOS  DA ENGENHARIA III,0.89
1311,2019,PRO640,OTIMIZACAO E INTELIGENCIA COMPUTACIONAL,0.585
1312,2019,PRO701,METODOS MATEMATICOS DA ENGENHARIA I,0.45
1313,2019,PRO704,METODOS MATEMATICOS DA ENGENHARIA II,0.645
1314,2019,PRO706,PESQUISA OPERACIONAL I,0.6699999999999999
1315,2019,PRO708,PESQUISA OPERACIONAL II,0.81
1316,2019,PRO710,"CIENCIA, TECNOLOGIA E SOCIEDADE",0.86
1317,2019,PRO714,ECONOMIA INDUSTRIAL,0.7
1318,2019,PRO716,"ENGENHARIA DE PROCESSOS, RISCOS E PREVENCAO DE PERDAS",0.9650000000000001
1319,2019,PRO717,ENGENHARIA DO TRABALHO,0.8500000000000001
1320,2019,PRO718,ERGONOMIA E TRABALHO,0.865
1321,2019,PRO720,CIENCIA E MANUFATURA,0.77
1322,2019,PRO721,ENGENHARIA DA MANUFATURA,0.905
1323,2019,PRO723,ENGENHARIA DA QUALIDADE,0.775
1324,2019,PRO724,LOGISTICA,0.81
1325,2019,PRO725,ENGENHARIA DA INFORMACAO,0.91
1326,2019,PRO807,PLANEJAMENTO E CONTROLE DA PRODUCAO ,0.85
1327,2019,PRO808,ENGENHARIA DO PRODUTO,0.87
1328,2019,PRO809,ENGENHARIA ECONOMICA,0.875
1329,2019,PRO909,RECURSOS HUMANOS ESTRATEGICOS,1.0
1330,2019,PRO910,PLANEJAMENTO E GESTAO DA PRODUCAO ,0.87
1331,2019,PRO920,PROJETO DA FABRICA,0.86
1332,2019,QUI701,QUIMICA FUNDAMENTAL,0.63125
